DEBUG - 2026-01-05 02:24:47 --> Session: Class initialized using 'CodeIgniter\Session\Handlers\FileHandler' driver.
DEBUG - 2026-01-05 02:24:57 --> Session: Class initialized using 'CodeIgniter\Session\Handlers\FileHandler' driver.
DEBUG - 2026-01-05 02:25:04 --> Session: Class initialized using 'CodeIgniter\Session\Handlers\FileHandler' driver.
DEBUG - 2026-01-05 02:25:06 --> Session: Class initialized using 'CodeIgniter\Session\Handlers\FileHandler' driver.
CRITICAL - 2026-01-05 02:25:06 --> ErrorException: Undefined variable $tutors
[Method: GET, Route: tutor]
in APPPATH\Views\public\tutor.php on line 6.
 1 APPPATH\Views\public\tutor.php(6): CodeIgniter\Debug\Exceptions->errorHandler(2, 'Undefined variable $tutors', 'C:\\xampp 2\\htdocs\\project\\app\\Views\\public\\tutor.php', 6)
 2 SYSTEMPATH\View\View.php(226): include('C:\\xampp 2\\htdocs\\project\\app\\Views\\public\\tutor.php')
 3 SYSTEMPATH\View\View.php(229): CodeIgniter\View\View->CodeIgniter\View\{closure}()
 4 SYSTEMPATH\Common.php(1199): CodeIgniter\View\View->render('public/tutor', [], true)
 5 APPPATH\Controllers\Pages.php(28): view('public/tutor')
 6 SYSTEMPATH\CodeIgniter.php(933): App\Controllers\Pages->tutor()
 7 SYSTEMPATH\CodeIgniter.php(507): CodeIgniter\CodeIgniter->runController(Object(App\Controllers\Pages))
 8 SYSTEMPATH\CodeIgniter.php(354): CodeIgniter\CodeIgniter->handleRequest(null, Object(Config\Cache), false)
 9 SYSTEMPATH\Boot.php(363): CodeIgniter\CodeIgniter->run()
10 SYSTEMPATH\Boot.php(68): CodeIgniter\Boot::runCodeIgniter(Object(CodeIgniter\CodeIgniter))
11 FCPATH\index.php(59): CodeIgniter\Boot::bootWeb(Object(Config\Paths))
12 SYSTEMPATH\rewrite.php(44): require_once('C:\\xampp 2\\htdocs\\project\\public\\index.php')
DEBUG - 2026-01-05 02:25:13 --> Session: Class initialized using 'CodeIgniter\Session\Handlers\FileHandler' driver.
DEBUG - 2026-01-05 02:25:43 --> Session: Class initialized using 'CodeIgniter\Session\Handlers\FileHandler' driver.
DEBUG - 2026-01-05 02:25:46 --> Session: Class initialized using 'CodeIgniter\Session\Handlers\FileHandler' driver.
DEBUG - 2026-01-05 02:25:47 --> Session: Class initialized using 'CodeIgniter\Session\Handlers\FileHandler' driver.
DEBUG - 2026-01-05 02:25:49 --> Session: Class initialized using 'CodeIgniter\Session\Handlers\FileHandler' driver.
CRITICAL - 2026-01-05 02:25:49 --> ErrorException: Undefined variable $tutors
[Method: GET, Route: tutor]
in APPPATH\Views\public\tutor.php on line 6.
 1 APPPATH\Views\public\tutor.php(6): CodeIgniter\Debug\Exceptions->errorHandler(2, 'Undefined variable $tutors', 'C:\\xampp 2\\htdocs\\project\\app\\Views\\public\\tutor.php', 6)
 2 SYSTEMPATH\View\View.php(226): include('C:\\xampp 2\\htdocs\\project\\app\\Views\\public\\tutor.php')
 3 SYSTEMPATH\View\View.php(229): CodeIgniter\View\View->CodeIgniter\View\{closure}()
 4 SYSTEMPATH\Common.php(1199): CodeIgniter\View\View->render('public/tutor', [], true)
 5 APPPATH\Controllers\Pages.php(28): view('public/tutor')
 6 SYSTEMPATH\CodeIgniter.php(933): App\Controllers\Pages->tutor()
 7 SYSTEMPATH\CodeIgniter.php(507): CodeIgniter\CodeIgniter->runController(Object(App\Controllers\Pages))
 8 SYSTEMPATH\CodeIgniter.php(354): CodeIgniter\CodeIgniter->handleRequest(null, Object(Config\Cache), false)
 9 SYSTEMPATH\Boot.php(363): CodeIgniter\CodeIgniter->run()
10 SYSTEMPATH\Boot.php(68): CodeIgniter\Boot::runCodeIgniter(Object(CodeIgniter\CodeIgniter))
11 FCPATH\index.php(59): CodeIgniter\Boot::bootWeb(Object(Config\Paths))
12 SYSTEMPATH\rewrite.php(44): require_once('C:\\xampp 2\\htdocs\\project\\public\\index.php')
DEBUG - 2026-01-05 02:28:08 --> Session: Class initialized using 'CodeIgniter\Session\Handlers\FileHandler' driver.
DEBUG - 2026-01-05 02:28:09 --> Session: Class initialized using 'CodeIgniter\Session\Handlers\FileHandler' driver.
CRITICAL - 2026-01-05 02:28:09 --> ErrorException: Undefined variable $t
[Method: GET, Route: tutor]
in APPPATH\Views\public\tutor.php on line 8.
 1 APPPATH\Views\public\tutor.php(8): CodeIgniter\Debug\Exceptions->errorHandler(2, 'Undefined variable $t', 'C:\\xampp 2\\htdocs\\project\\app\\Views\\public\\tutor.php', 8)
 2 SYSTEMPATH\View\View.php(226): include('C:\\xampp 2\\htdocs\\project\\app\\Views\\public\\tutor.php')
 3 SYSTEMPATH\View\View.php(229): CodeIgniter\View\View->CodeIgniter\View\{closure}()
 4 SYSTEMPATH\Common.php(1199): CodeIgniter\View\View->render('public/tutor', [], true)
 5 APPPATH\Controllers\Pages.php(28): view('public/tutor')
 6 SYSTEMPATH\CodeIgniter.php(933): App\Controllers\Pages->tutor()
 7 SYSTEMPATH\CodeIgniter.php(507): CodeIgniter\CodeIgniter->runController(Object(App\Controllers\Pages))
 8 SYSTEMPATH\CodeIgniter.php(354): CodeIgniter\CodeIgniter->handleRequest(null, Object(Config\Cache), false)
 9 SYSTEMPATH\Boot.php(363): CodeIgniter\CodeIgniter->run()
10 SYSTEMPATH\Boot.php(68): CodeIgniter\Boot::runCodeIgniter(Object(CodeIgniter\CodeIgniter))
11 FCPATH\index.php(59): CodeIgniter\Boot::bootWeb(Object(Config\Paths))
12 SYSTEMPATH\rewrite.php(44): require_once('C:\\xampp 2\\htdocs\\project\\public\\index.php')
DEBUG - 2026-01-05 02:40:48 --> Session: Class initialized using 'CodeIgniter\Session\Handlers\FileHandler' driver.
DEBUG - 2026-01-05 02:42:33 --> Session: Class initialized using 'CodeIgniter\Session\Handlers\FileHandler' driver.
DEBUG - 2026-01-05 02:42:36 --> Session: Class initialized using 'CodeIgniter\Session\Handlers\FileHandler' driver.
CRITICAL - 2026-01-05 02:42:36 --> ErrorException: Undefined variable $tutors
[Method: GET, Route: tutor]
in APPPATH\Views\public\tutor.php on line 6.
 1 APPPATH\Views\public\tutor.php(6): CodeIgniter\Debug\Exceptions->errorHandler(2, 'Undefined variable $tutors', 'C:\\xampp 2\\htdocs\\project\\app\\Views\\public\\tutor.php', 6)
 2 SYSTEMPATH\View\View.php(226): include('C:\\xampp 2\\htdocs\\project\\app\\Views\\public\\tutor.php')
 3 SYSTEMPATH\View\View.php(229): CodeIgniter\View\View->CodeIgniter\View\{closure}()
 4 SYSTEMPATH\Common.php(1199): CodeIgniter\View\View->render('public/tutor', [], true)
 5 APPPATH\Controllers\Pages.php(28): view('public/tutor')
 6 SYSTEMPATH\CodeIgniter.php(933): App\Controllers\Pages->tutor()
 7 SYSTEMPATH\CodeIgniter.php(507): CodeIgniter\CodeIgniter->runController(Object(App\Controllers\Pages))
 8 SYSTEMPATH\CodeIgniter.php(354): CodeIgniter\CodeIgniter->handleRequest(null, Object(Config\Cache), false)
 9 SYSTEMPATH\Boot.php(363): CodeIgniter\CodeIgniter->run()
10 SYSTEMPATH\Boot.php(68): CodeIgniter\Boot::runCodeIgniter(Object(CodeIgniter\CodeIgniter))
11 FCPATH\index.php(59): CodeIgniter\Boot::bootWeb(Object(Config\Paths))
12 SYSTEMPATH\rewrite.php(44): require_once('C:\\xampp 2\\htdocs\\project\\public\\index.php')
DEBUG - 2026-01-05 02:43:16 --> Session: Class initialized using 'CodeIgniter\Session\Handlers\FileHandler' driver.
CRITICAL - 2026-01-05 02:43:16 --> ErrorException: Undefined variable $tutors
[Method: GET, Route: tutor]
in APPPATH\Views\public\tutor.php on line 6.
 1 APPPATH\Views\public\tutor.php(6): CodeIgniter\Debug\Exceptions->errorHandler(2, 'Undefined variable $tutors', 'C:\\xampp 2\\htdocs\\project\\app\\Views\\public\\tutor.php', 6)
 2 SYSTEMPATH\View\View.php(226): include('C:\\xampp 2\\htdocs\\project\\app\\Views\\public\\tutor.php')
 3 SYSTEMPATH\View\View.php(229): CodeIgniter\View\View->CodeIgniter\View\{closure}()
 4 SYSTEMPATH\Common.php(1199): CodeIgniter\View\View->render('public/tutor', [], true)
 5 APPPATH\Controllers\Pages.php(28): view('public/tutor')
 6 SYSTEMPATH\CodeIgniter.php(933): App\Controllers\Pages->tutor()
 7 SYSTEMPATH\CodeIgniter.php(507): CodeIgniter\CodeIgniter->runController(Object(App\Controllers\Pages))
 8 SYSTEMPATH\CodeIgniter.php(354): CodeIgniter\CodeIgniter->handleRequest(null, Object(Config\Cache), false)
 9 SYSTEMPATH\Boot.php(363): CodeIgniter\CodeIgniter->run()
10 SYSTEMPATH\Boot.php(68): CodeIgniter\Boot::runCodeIgniter(Object(CodeIgniter\CodeIgniter))
11 FCPATH\index.php(59): CodeIgniter\Boot::bootWeb(Object(Config\Paths))
12 SYSTEMPATH\rewrite.php(44): require_once('C:\\xampp 2\\htdocs\\project\\public\\index.php')
DEBUG - 2026-01-05 02:43:18 --> Session: Class initialized using 'CodeIgniter\Session\Handlers\FileHandler' driver.
DEBUG - 2026-01-05 02:43:20 --> Session: Class initialized using 'CodeIgniter\Session\Handlers\FileHandler' driver.
DEBUG - 2026-01-05 02:51:57 --> Session: Class initialized using 'CodeIgniter\Session\Handlers\FileHandler' driver.
DEBUG - 2026-01-05 02:52:00 --> Session: Class initialized using 'CodeIgniter\Session\Handlers\FileHandler' driver.
DEBUG - 2026-01-05 02:52:01 --> Session: Class initialized using 'CodeIgniter\Session\Handlers\FileHandler' driver.
DEBUG - 2026-01-05 02:52:02 --> Session: Class initialized using 'CodeIgniter\Session\Handlers\FileHandler' driver.
CRITICAL - 2026-01-05 02:52:02 --> ErrorException: Undefined variable $tutors
[Method: GET, Route: tutor]
in APPPATH\Views\public\tutor.php on line 6.
 1 APPPATH\Views\public\tutor.php(6): CodeIgniter\Debug\Exceptions->errorHandler(2, 'Undefined variable $tutors', 'C:\\xampp 2\\htdocs\\project\\app\\Views\\public\\tutor.php', 6)
 2 SYSTEMPATH\View\View.php(226): include('C:\\xampp 2\\htdocs\\project\\app\\Views\\public\\tutor.php')
 3 SYSTEMPATH\View\View.php(229): CodeIgniter\View\View->CodeIgniter\View\{closure}()
 4 SYSTEMPATH\Common.php(1199): CodeIgniter\View\View->render('public/tutor', [], true)
 5 APPPATH\Controllers\Pages.php(28): view('public/tutor')
 6 SYSTEMPATH\CodeIgniter.php(933): App\Controllers\Pages->tutor()
 7 SYSTEMPATH\CodeIgniter.php(507): CodeIgniter\CodeIgniter->runController(Object(App\Controllers\Pages))
 8 SYSTEMPATH\CodeIgniter.php(354): CodeIgniter\CodeIgniter->handleRequest(null, Object(Config\Cache), false)
 9 SYSTEMPATH\Boot.php(363): CodeIgniter\CodeIgniter->run()
10 SYSTEMPATH\Boot.php(68): CodeIgniter\Boot::runCodeIgniter(Object(CodeIgniter\CodeIgniter))
11 FCPATH\index.php(59): CodeIgniter\Boot::bootWeb(Object(Config\Paths))
12 SYSTEMPATH\rewrite.php(44): require_once('C:\\xampp 2\\htdocs\\project\\public\\index.php')
DEBUG - 2026-01-05 02:52:07 --> Session: Class initialized using 'CodeIgniter\Session\Handlers\FileHandler' driver.
ERROR - 2026-01-05 02:52:18 --> mysqli_sql_exception: Unknown column 'study_type' in 'field list' in C:\xampp 2\htdocs\project\system\Database\MySQLi\Connection.php:327
Stack trace:
#0 C:\xampp 2\htdocs\project\system\Database\MySQLi\Connection.php(327): mysqli->query('INSERT INTO `us...', 0)
#1 C:\xampp 2\htdocs\project\system\Database\BaseConnection.php(729): CodeIgniter\Database\MySQLi\Connection->execute('INSERT INTO `us...')
#2 C:\xampp 2\htdocs\project\system\Database\BaseConnection.php(646): CodeIgniter\Database\BaseConnection->simpleQuery('INSERT INTO `us...')
#3 C:\xampp 2\htdocs\project\system\Database\BaseBuilder.php(2345): CodeIgniter\Database\BaseConnection->query('INSERT INTO `us...', Array, false)
#4 C:\xampp 2\htdocs\project\system\Model.php(394): CodeIgniter\Database\BaseBuilder->insert()
#5 C:\xampp 2\htdocs\project\system\BaseModel.php(838): CodeIgniter\Model->doInsert(Array)
#6 C:\xampp 2\htdocs\project\system\Model.php(797): CodeIgniter\BaseModel->insert(Array, true)
#7 C:\xampp 2\htdocs\project\app\Controllers\Auth.php(53): CodeIgniter\Model->insert(Array)
#8 C:\xampp 2\htdocs\project\system\CodeIgniter.php(933): App\Controllers\Auth->registerProcess()
#9 C:\xampp 2\htdocs\project\system\CodeIgniter.php(507): CodeIgniter\CodeIgniter->runController(Object(App\Controllers\Auth))
#10 C:\xampp 2\htdocs\project\system\CodeIgniter.php(354): CodeIgniter\CodeIgniter->handleRequest(NULL, Object(Config\Cache), false)
#11 C:\xampp 2\htdocs\project\system\Boot.php(363): CodeIgniter\CodeIgniter->run()
#12 C:\xampp 2\htdocs\project\system\Boot.php(68): CodeIgniter\Boot::runCodeIgniter(Object(CodeIgniter\CodeIgniter))
#13 C:\xampp 2\htdocs\project\public\index.php(59): CodeIgniter\Boot::bootWeb(Object(Config\Paths))
#14 C:\xampp 2\htdocs\project\system\rewrite.php(44): require_once('C:\\xampp 2\\htdo...')
#15 {main}
CRITICAL - 2026-01-05 02:52:18 --> CodeIgniter\Database\Exceptions\DatabaseException: Unknown column 'study_type' in 'field list'
[Method: POST, Route: register]
in SYSTEMPATH\Database\BaseConnection.php on line 684.
 1 SYSTEMPATH\Database\BaseBuilder.php(2345): CodeIgniter\Database\BaseConnection->query('INSERT INTO `users` (`name`, `email`, `password`, `study_type`, `role`) VALUES (:name:, :email:, :password:, :study_type:, :role:)', [...], false)
 2 SYSTEMPATH\Model.php(394): CodeIgniter\Database\BaseBuilder->insert()
 3 SYSTEMPATH\BaseModel.php(838): CodeIgniter\Model->doInsert([...])
 4 SYSTEMPATH\Model.php(797): CodeIgniter\BaseModel->insert([...], true)
 5 APPPATH\Controllers\Auth.php(53): CodeIgniter\Model->insert([...])
 6 SYSTEMPATH\CodeIgniter.php(933): App\Controllers\Auth->registerProcess()
 7 SYSTEMPATH\CodeIgniter.php(507): CodeIgniter\CodeIgniter->runController(Object(App\Controllers\Auth))
 8 SYSTEMPATH\CodeIgniter.php(354): CodeIgniter\CodeIgniter->handleRequest(null, Object(Config\Cache), false)
 9 SYSTEMPATH\Boot.php(363): CodeIgniter\CodeIgniter->run()
10 SYSTEMPATH\Boot.php(68): CodeIgniter\Boot::runCodeIgniter(Object(CodeIgniter\CodeIgniter))
11 FCPATH\index.php(59): CodeIgniter\Boot::bootWeb(Object(Config\Paths))
12 SYSTEMPATH\rewrite.php(44): require_once('C:\\xampp 2\\htdocs\\project\\public\\index.php')
CRITICAL - 2026-01-05 02:52:18 --> [Caused by] CodeIgniter\Database\Exceptions\DatabaseException: Unknown column 'study_type' in 'field list'
in SYSTEMPATH\Database\MySQLi\Connection.php on line 332.
 1 SYSTEMPATH\Database\BaseConnection.php(729): CodeIgniter\Database\MySQLi\Connection->execute('INSERT INTO `users` (`name`, `email`, `password`, `study_type`, `role`) VALUES (\'arash\', \'arashsahar04@gmail.com\', \'$2y$10$3LtvTVb.23YgvPV7vkZONOKwVtI.kLi0OIy40QIq1Y8xHMBZl8tJu\', NULL, \'student\')')
 2 SYSTEMPATH\Database\BaseConnection.php(646): CodeIgniter\Database\BaseConnection->simpleQuery('INSERT INTO `users` (`name`, `email`, `password`, `study_type`, `role`) VALUES (\'arash\', \'arashsahar04@gmail.com\', \'$2y$10$3LtvTVb.23YgvPV7vkZONOKwVtI.kLi0OIy40QIq1Y8xHMBZl8tJu\', NULL, \'student\')')
 3 SYSTEMPATH\Database\BaseBuilder.php(2345): CodeIgniter\Database\BaseConnection->query('INSERT INTO `users` (`name`, `email`, `password`, `study_type`, `role`) VALUES (:name:, :email:, :password:, :study_type:, :role:)', [...], false)
 4 SYSTEMPATH\Model.php(394): CodeIgniter\Database\BaseBuilder->insert()
 5 SYSTEMPATH\BaseModel.php(838): CodeIgniter\Model->doInsert([...])
 6 SYSTEMPATH\Model.php(797): CodeIgniter\BaseModel->insert([...], true)
 7 APPPATH\Controllers\Auth.php(53): CodeIgniter\Model->insert([...])
 8 SYSTEMPATH\CodeIgniter.php(933): App\Controllers\Auth->registerProcess()
 9 SYSTEMPATH\CodeIgniter.php(507): CodeIgniter\CodeIgniter->runController(Object(App\Controllers\Auth))
10 SYSTEMPATH\CodeIgniter.php(354): CodeIgniter\CodeIgniter->handleRequest(null, Object(Config\Cache), false)
11 SYSTEMPATH\Boot.php(363): CodeIgniter\CodeIgniter->run()
12 SYSTEMPATH\Boot.php(68): CodeIgniter\Boot::runCodeIgniter(Object(CodeIgniter\CodeIgniter))
13 FCPATH\index.php(59): CodeIgniter\Boot::bootWeb(Object(Config\Paths))
14 SYSTEMPATH\rewrite.php(44): require_once('C:\\xampp 2\\htdocs\\project\\public\\index.php')
CRITICAL - 2026-01-05 02:52:18 --> [Caused by] mysqli_sql_exception: Unknown column 'study_type' in 'field list'
in SYSTEMPATH\Database\MySQLi\Connection.php on line 327.
 1 SYSTEMPATH\Database\MySQLi\Connection.php(327): mysqli->query('INSERT INTO `users` (`name`, `email`, `password`, `study_type`, `role`) VALUES (\'arash\', \'arashsahar04@gmail.com\', \'$2y$10$3LtvTVb.23YgvPV7vkZONOKwVtI.kLi0OIy40QIq1Y8xHMBZl8tJu\', NULL, \'student\')', 0)
 2 SYSTEMPATH\Database\BaseConnection.php(729): CodeIgniter\Database\MySQLi\Connection->execute('INSERT INTO `users` (`name`, `email`, `password`, `study_type`, `role`) VALUES (\'arash\', \'arashsahar04@gmail.com\', \'$2y$10$3LtvTVb.23YgvPV7vkZONOKwVtI.kLi0OIy40QIq1Y8xHMBZl8tJu\', NULL, \'student\')')
 3 SYSTEMPATH\Database\BaseConnection.php(646): CodeIgniter\Database\BaseConnection->simpleQuery('INSERT INTO `users` (`name`, `email`, `password`, `study_type`, `role`) VALUES (\'arash\', \'arashsahar04@gmail.com\', \'$2y$10$3LtvTVb.23YgvPV7vkZONOKwVtI.kLi0OIy40QIq1Y8xHMBZl8tJu\', NULL, \'student\')')
 4 SYSTEMPATH\Database\BaseBuilder.php(2345): CodeIgniter\Database\BaseConnection->query('INSERT INTO `users` (`name`, `email`, `password`, `study_type`, `role`) VALUES (:name:, :email:, :password:, :study_type:, :role:)', [...], false)
 5 SYSTEMPATH\Model.php(394): CodeIgniter\Database\BaseBuilder->insert()
 6 SYSTEMPATH\BaseModel.php(838): CodeIgniter\Model->doInsert([...])
 7 SYSTEMPATH\Model.php(797): CodeIgniter\BaseModel->insert([...], true)
 8 APPPATH\Controllers\Auth.php(53): CodeIgniter\Model->insert([...])
 9 SYSTEMPATH\CodeIgniter.php(933): App\Controllers\Auth->registerProcess()
10 SYSTEMPATH\CodeIgniter.php(507): CodeIgniter\CodeIgniter->runController(Object(App\Controllers\Auth))
11 SYSTEMPATH\CodeIgniter.php(354): CodeIgniter\CodeIgniter->handleRequest(null, Object(Config\Cache), false)
12 SYSTEMPATH\Boot.php(363): CodeIgniter\CodeIgniter->run()
13 SYSTEMPATH\Boot.php(68): CodeIgniter\Boot::runCodeIgniter(Object(CodeIgniter\CodeIgniter))
14 FCPATH\index.php(59): CodeIgniter\Boot::bootWeb(Object(Config\Paths))
15 SYSTEMPATH\rewrite.php(44): require_once('C:\\xampp 2\\htdocs\\project\\public\\index.php')
DEBUG - 2026-01-05 02:53:35 --> Session: Class initialized using 'CodeIgniter\Session\Handlers\FileHandler' driver.
DEBUG - 2026-01-05 02:53:59 --> Session: Class initialized using 'CodeIgniter\Session\Handlers\FileHandler' driver.
DEBUG - 2026-01-05 02:54:09 --> Session: Class initialized using 'CodeIgniter\Session\Handlers\FileHandler' driver.
DEBUG - 2026-01-05 02:54:09 --> Session: Class initialized using 'CodeIgniter\Session\Handlers\FileHandler' driver.
DEBUG - 2026-01-05 02:54:18 --> Session: Class initialized using 'CodeIgniter\Session\Handlers\FileHandler' driver.
CRITICAL - 2026-01-05 02:54:18 --> ErrorException: Undefined array key "id"
[Method: POST, Route: login]
in APPPATH\Controllers\Auth.php on line 22.
 1 APPPATH\Controllers\Auth.php(22): CodeIgniter\Debug\Exceptions->errorHandler(2, 'Undefined array key "id"', 'C:\\xampp 2\\htdocs\\project\\app\\Controllers\\Auth.php', 22)
 2 SYSTEMPATH\CodeIgniter.php(933): App\Controllers\Auth->loginProcess()
 3 SYSTEMPATH\CodeIgniter.php(507): CodeIgniter\CodeIgniter->runController(Object(App\Controllers\Auth))
 4 SYSTEMPATH\CodeIgniter.php(354): CodeIgniter\CodeIgniter->handleRequest(null, Object(Config\Cache), false)
 5 SYSTEMPATH\Boot.php(363): CodeIgniter\CodeIgniter->run()
 6 SYSTEMPATH\Boot.php(68): CodeIgniter\Boot::runCodeIgniter(Object(CodeIgniter\CodeIgniter))
 7 FCPATH\index.php(59): CodeIgniter\Boot::bootWeb(Object(Config\Paths))
 8 SYSTEMPATH\rewrite.php(44): require_once('C:\\xampp 2\\htdocs\\project\\public\\index.php')
DEBUG - 2026-01-05 02:54:41 --> Session: Class initialized using 'CodeIgniter\Session\Handlers\FileHandler' driver.
DEBUG - 2026-01-05 02:54:47 --> Session: Class initialized using 'CodeIgniter\Session\Handlers\FileHandler' driver.
DEBUG - 2026-01-05 02:55:49 --> Session: Class initialized using 'CodeIgniter\Session\Handlers\FileHandler' driver.
ERROR - 2026-01-05 02:55:49 --> mysqli_sql_exception: Unknown column 'users.id' in 'where clause' in C:\xampp 2\htdocs\project\system\Database\MySQLi\Connection.php:327
Stack trace:
#0 C:\xampp 2\htdocs\project\system\Database\MySQLi\Connection.php(327): mysqli->query('SELECT *\nFROM `...', 0)
#1 C:\xampp 2\htdocs\project\system\Database\BaseConnection.php(729): CodeIgniter\Database\MySQLi\Connection->execute('SELECT *\nFROM `...')
#2 C:\xampp 2\htdocs\project\system\Database\BaseConnection.php(646): CodeIgniter\Database\BaseConnection->simpleQuery('SELECT *\nFROM `...')
#3 C:\xampp 2\htdocs\project\system\Database\BaseBuilder.php(1649): CodeIgniter\Database\BaseConnection->query('SELECT *\nFROM `...', Array, false)
#4 C:\xampp 2\htdocs\project\system\Model.php(210): CodeIgniter\Database\BaseBuilder->get()
#5 C:\xampp 2\htdocs\project\system\BaseModel.php(611): CodeIgniter\Model->doFind(true, '2')
#6 C:\xampp 2\htdocs\project\app\Controllers\Student.php(18): CodeIgniter\BaseModel->find('2')
#7 C:\xampp 2\htdocs\project\system\CodeIgniter.php(933): App\Controllers\Student->profile()
#8 C:\xampp 2\htdocs\project\system\CodeIgniter.php(507): CodeIgniter\CodeIgniter->runController(Object(App\Controllers\Student))
#9 C:\xampp 2\htdocs\project\system\CodeIgniter.php(354): CodeIgniter\CodeIgniter->handleRequest(NULL, Object(Config\Cache), false)
#10 C:\xampp 2\htdocs\project\system\Boot.php(363): CodeIgniter\CodeIgniter->run()
#11 C:\xampp 2\htdocs\project\system\Boot.php(68): CodeIgniter\Boot::runCodeIgniter(Object(CodeIgniter\CodeIgniter))
#12 C:\xampp 2\htdocs\project\public\index.php(59): CodeIgniter\Boot::bootWeb(Object(Config\Paths))
#13 C:\xampp 2\htdocs\project\system\rewrite.php(44): require_once('C:\\xampp 2\\htdo...')
#14 {main}
CRITICAL - 2026-01-05 02:55:49 --> CodeIgniter\Database\Exceptions\DatabaseException: Unknown column 'users.id' in 'where clause'
[Method: GET, Route: student/profile]
in SYSTEMPATH\Database\BaseConnection.php on line 684.
 1 SYSTEMPATH\Database\BaseBuilder.php(1649): CodeIgniter\Database\BaseConnection->query('SELECT *
FROM `users`
WHERE `users`.`id` = :users.id:', [...], false)
 2 SYSTEMPATH\Model.php(210): CodeIgniter\Database\BaseBuilder->get()
 3 SYSTEMPATH\BaseModel.php(611): CodeIgniter\Model->doFind(true, '2')
 4 APPPATH\Controllers\Student.php(18): CodeIgniter\BaseModel->find('2')
 5 SYSTEMPATH\CodeIgniter.php(933): App\Controllers\Student->profile()
 6 SYSTEMPATH\CodeIgniter.php(507): CodeIgniter\CodeIgniter->runController(Object(App\Controllers\Student))
 7 SYSTEMPATH\CodeIgniter.php(354): CodeIgniter\CodeIgniter->handleRequest(null, Object(Config\Cache), false)
 8 SYSTEMPATH\Boot.php(363): CodeIgniter\CodeIgniter->run()
 9 SYSTEMPATH\Boot.php(68): CodeIgniter\Boot::runCodeIgniter(Object(CodeIgniter\CodeIgniter))
10 FCPATH\index.php(59): CodeIgniter\Boot::bootWeb(Object(Config\Paths))
11 SYSTEMPATH\rewrite.php(44): require_once('C:\\xampp 2\\htdocs\\project\\public\\index.php')
CRITICAL - 2026-01-05 02:55:49 --> [Caused by] CodeIgniter\Database\Exceptions\DatabaseException: Unknown column 'users.id' in 'where clause'
in SYSTEMPATH\Database\MySQLi\Connection.php on line 332.
 1 SYSTEMPATH\Database\BaseConnection.php(729): CodeIgniter\Database\MySQLi\Connection->execute('SELECT *
FROM `users`
WHERE `users`.`id` = \'2\'')
 2 SYSTEMPATH\Database\BaseConnection.php(646): CodeIgniter\Database\BaseConnection->simpleQuery('SELECT *
FROM `users`
WHERE `users`.`id` = \'2\'')
 3 SYSTEMPATH\Database\BaseBuilder.php(1649): CodeIgniter\Database\BaseConnection->query('SELECT *
FROM `users`
WHERE `users`.`id` = :users.id:', [...], false)
 4 SYSTEMPATH\Model.php(210): CodeIgniter\Database\BaseBuilder->get()
 5 SYSTEMPATH\BaseModel.php(611): CodeIgniter\Model->doFind(true, '2')
 6 APPPATH\Controllers\Student.php(18): CodeIgniter\BaseModel->find('2')
 7 SYSTEMPATH\CodeIgniter.php(933): App\Controllers\Student->profile()
 8 SYSTEMPATH\CodeIgniter.php(507): CodeIgniter\CodeIgniter->runController(Object(App\Controllers\Student))
 9 SYSTEMPATH\CodeIgniter.php(354): CodeIgniter\CodeIgniter->handleRequest(null, Object(Config\Cache), false)
10 SYSTEMPATH\Boot.php(363): CodeIgniter\CodeIgniter->run()
11 SYSTEMPATH\Boot.php(68): CodeIgniter\Boot::runCodeIgniter(Object(CodeIgniter\CodeIgniter))
12 FCPATH\index.php(59): CodeIgniter\Boot::bootWeb(Object(Config\Paths))
13 SYSTEMPATH\rewrite.php(44): require_once('C:\\xampp 2\\htdocs\\project\\public\\index.php')
CRITICAL - 2026-01-05 02:55:49 --> [Caused by] mysqli_sql_exception: Unknown column 'users.id' in 'where clause'
in SYSTEMPATH\Database\MySQLi\Connection.php on line 327.
 1 SYSTEMPATH\Database\MySQLi\Connection.php(327): mysqli->query('SELECT *
FROM `users`
WHERE `users`.`id` = \'2\'', 0)
 2 SYSTEMPATH\Database\BaseConnection.php(729): CodeIgniter\Database\MySQLi\Connection->execute('SELECT *
FROM `users`
WHERE `users`.`id` = \'2\'')
 3 SYSTEMPATH\Database\BaseConnection.php(646): CodeIgniter\Database\BaseConnection->simpleQuery('SELECT *
FROM `users`
WHERE `users`.`id` = \'2\'')
 4 SYSTEMPATH\Database\BaseBuilder.php(1649): CodeIgniter\Database\BaseConnection->query('SELECT *
FROM `users`
WHERE `users`.`id` = :users.id:', [...], false)
 5 SYSTEMPATH\Model.php(210): CodeIgniter\Database\BaseBuilder->get()
 6 SYSTEMPATH\BaseModel.php(611): CodeIgniter\Model->doFind(true, '2')
 7 APPPATH\Controllers\Student.php(18): CodeIgniter\BaseModel->find('2')
 8 SYSTEMPATH\CodeIgniter.php(933): App\Controllers\Student->profile()
 9 SYSTEMPATH\CodeIgniter.php(507): CodeIgniter\CodeIgniter->runController(Object(App\Controllers\Student))
10 SYSTEMPATH\CodeIgniter.php(354): CodeIgniter\CodeIgniter->handleRequest(null, Object(Config\Cache), false)
11 SYSTEMPATH\Boot.php(363): CodeIgniter\CodeIgniter->run()
12 SYSTEMPATH\Boot.php(68): CodeIgniter\Boot::runCodeIgniter(Object(CodeIgniter\CodeIgniter))
13 FCPATH\index.php(59): CodeIgniter\Boot::bootWeb(Object(Config\Paths))
14 SYSTEMPATH\rewrite.php(44): require_once('C:\\xampp 2\\htdocs\\project\\public\\index.php')
DEBUG - 2026-01-05 02:57:57 --> Session: Class initialized using 'CodeIgniter\Session\Handlers\FileHandler' driver.
DEBUG - 2026-01-05 02:59:32 --> Session: Class initialized using 'CodeIgniter\Session\Handlers\FileHandler' driver.
DEBUG - 2026-01-05 02:59:43 --> Session: Class initialized using 'CodeIgniter\Session\Handlers\FileHandler' driver.
DEBUG - 2026-01-05 03:01:03 --> Session: Class initialized using 'CodeIgniter\Session\Handlers\FileHandler' driver.
DEBUG - 2026-01-05 03:01:24 --> Session: Class initialized using 'CodeIgniter\Session\Handlers\FileHandler' driver.
ERROR - 2026-01-05 03:01:24 --> mysqli_sql_exception: Unknown column 'users.id' in 'where clause' in C:\xampp 2\htdocs\project\system\Database\MySQLi\Connection.php:327
Stack trace:
#0 C:\xampp 2\htdocs\project\system\Database\MySQLi\Connection.php(327): mysqli->query('SELECT *\nFROM `...', 0)
#1 C:\xampp 2\htdocs\project\system\Database\BaseConnection.php(729): CodeIgniter\Database\MySQLi\Connection->execute('SELECT *\nFROM `...')
#2 C:\xampp 2\htdocs\project\system\Database\BaseConnection.php(646): CodeIgniter\Database\BaseConnection->simpleQuery('SELECT *\nFROM `...')
#3 C:\xampp 2\htdocs\project\system\Database\BaseBuilder.php(1649): CodeIgniter\Database\BaseConnection->query('SELECT *\nFROM `...', Array, false)
#4 C:\xampp 2\htdocs\project\system\Model.php(210): CodeIgniter\Database\BaseBuilder->get()
#5 C:\xampp 2\htdocs\project\system\BaseModel.php(611): CodeIgniter\Model->doFind(true, '2')
#6 C:\xampp 2\htdocs\project\app\Controllers\Student.php(18): CodeIgniter\BaseModel->find('2')
#7 C:\xampp 2\htdocs\project\system\CodeIgniter.php(933): App\Controllers\Student->profile()
#8 C:\xampp 2\htdocs\project\system\CodeIgniter.php(507): CodeIgniter\CodeIgniter->runController(Object(App\Controllers\Student))
#9 C:\xampp 2\htdocs\project\system\CodeIgniter.php(354): CodeIgniter\CodeIgniter->handleRequest(NULL, Object(Config\Cache), false)
#10 C:\xampp 2\htdocs\project\system\Boot.php(363): CodeIgniter\CodeIgniter->run()
#11 C:\xampp 2\htdocs\project\system\Boot.php(68): CodeIgniter\Boot::runCodeIgniter(Object(CodeIgniter\CodeIgniter))
#12 C:\xampp 2\htdocs\project\public\index.php(59): CodeIgniter\Boot::bootWeb(Object(Config\Paths))
#13 C:\xampp 2\htdocs\project\system\rewrite.php(44): require_once('C:\\xampp 2\\htdo...')
#14 {main}
CRITICAL - 2026-01-05 03:01:24 --> CodeIgniter\Database\Exceptions\DatabaseException: Unknown column 'users.id' in 'where clause'
[Method: GET, Route: student/profile]
in SYSTEMPATH\Database\BaseConnection.php on line 684.
 1 SYSTEMPATH\Database\BaseBuilder.php(1649): CodeIgniter\Database\BaseConnection->query('SELECT *
FROM `users`
WHERE `users`.`id` = :users.id:', [...], false)
 2 SYSTEMPATH\Model.php(210): CodeIgniter\Database\BaseBuilder->get()
 3 SYSTEMPATH\BaseModel.php(611): CodeIgniter\Model->doFind(true, '2')
 4 APPPATH\Controllers\Student.php(18): CodeIgniter\BaseModel->find('2')
 5 SYSTEMPATH\CodeIgniter.php(933): App\Controllers\Student->profile()
 6 SYSTEMPATH\CodeIgniter.php(507): CodeIgniter\CodeIgniter->runController(Object(App\Controllers\Student))
 7 SYSTEMPATH\CodeIgniter.php(354): CodeIgniter\CodeIgniter->handleRequest(null, Object(Config\Cache), false)
 8 SYSTEMPATH\Boot.php(363): CodeIgniter\CodeIgniter->run()
 9 SYSTEMPATH\Boot.php(68): CodeIgniter\Boot::runCodeIgniter(Object(CodeIgniter\CodeIgniter))
10 FCPATH\index.php(59): CodeIgniter\Boot::bootWeb(Object(Config\Paths))
11 SYSTEMPATH\rewrite.php(44): require_once('C:\\xampp 2\\htdocs\\project\\public\\index.php')
CRITICAL - 2026-01-05 03:01:24 --> [Caused by] CodeIgniter\Database\Exceptions\DatabaseException: Unknown column 'users.id' in 'where clause'
in SYSTEMPATH\Database\MySQLi\Connection.php on line 332.
 1 SYSTEMPATH\Database\BaseConnection.php(729): CodeIgniter\Database\MySQLi\Connection->execute('SELECT *
FROM `users`
WHERE `users`.`id` = \'2\'')
 2 SYSTEMPATH\Database\BaseConnection.php(646): CodeIgniter\Database\BaseConnection->simpleQuery('SELECT *
FROM `users`
WHERE `users`.`id` = \'2\'')
 3 SYSTEMPATH\Database\BaseBuilder.php(1649): CodeIgniter\Database\BaseConnection->query('SELECT *
FROM `users`
WHERE `users`.`id` = :users.id:', [...], false)
 4 SYSTEMPATH\Model.php(210): CodeIgniter\Database\BaseBuilder->get()
 5 SYSTEMPATH\BaseModel.php(611): CodeIgniter\Model->doFind(true, '2')
 6 APPPATH\Controllers\Student.php(18): CodeIgniter\BaseModel->find('2')
 7 SYSTEMPATH\CodeIgniter.php(933): App\Controllers\Student->profile()
 8 SYSTEMPATH\CodeIgniter.php(507): CodeIgniter\CodeIgniter->runController(Object(App\Controllers\Student))
 9 SYSTEMPATH\CodeIgniter.php(354): CodeIgniter\CodeIgniter->handleRequest(null, Object(Config\Cache), false)
10 SYSTEMPATH\Boot.php(363): CodeIgniter\CodeIgniter->run()
11 SYSTEMPATH\Boot.php(68): CodeIgniter\Boot::runCodeIgniter(Object(CodeIgniter\CodeIgniter))
12 FCPATH\index.php(59): CodeIgniter\Boot::bootWeb(Object(Config\Paths))
13 SYSTEMPATH\rewrite.php(44): require_once('C:\\xampp 2\\htdocs\\project\\public\\index.php')
CRITICAL - 2026-01-05 03:01:24 --> [Caused by] mysqli_sql_exception: Unknown column 'users.id' in 'where clause'
in SYSTEMPATH\Database\MySQLi\Connection.php on line 327.
 1 SYSTEMPATH\Database\MySQLi\Connection.php(327): mysqli->query('SELECT *
FROM `users`
WHERE `users`.`id` = \'2\'', 0)
 2 SYSTEMPATH\Database\BaseConnection.php(729): CodeIgniter\Database\MySQLi\Connection->execute('SELECT *
FROM `users`
WHERE `users`.`id` = \'2\'')
 3 SYSTEMPATH\Database\BaseConnection.php(646): CodeIgniter\Database\BaseConnection->simpleQuery('SELECT *
FROM `users`
WHERE `users`.`id` = \'2\'')
 4 SYSTEMPATH\Database\BaseBuilder.php(1649): CodeIgniter\Database\BaseConnection->query('SELECT *
FROM `users`
WHERE `users`.`id` = :users.id:', [...], false)
 5 SYSTEMPATH\Model.php(210): CodeIgniter\Database\BaseBuilder->get()
 6 SYSTEMPATH\BaseModel.php(611): CodeIgniter\Model->doFind(true, '2')
 7 APPPATH\Controllers\Student.php(18): CodeIgniter\BaseModel->find('2')
 8 SYSTEMPATH\CodeIgniter.php(933): App\Controllers\Student->profile()
 9 SYSTEMPATH\CodeIgniter.php(507): CodeIgniter\CodeIgniter->runController(Object(App\Controllers\Student))
10 SYSTEMPATH\CodeIgniter.php(354): CodeIgniter\CodeIgniter->handleRequest(null, Object(Config\Cache), false)
11 SYSTEMPATH\Boot.php(363): CodeIgniter\CodeIgniter->run()
12 SYSTEMPATH\Boot.php(68): CodeIgniter\Boot::runCodeIgniter(Object(CodeIgniter\CodeIgniter))
13 FCPATH\index.php(59): CodeIgniter\Boot::bootWeb(Object(Config\Paths))
14 SYSTEMPATH\rewrite.php(44): require_once('C:\\xampp 2\\htdocs\\project\\public\\index.php')
DEBUG - 2026-01-05 03:02:42 --> Session: Class initialized using 'CodeIgniter\Session\Handlers\FileHandler' driver.
ERROR - 2026-01-05 03:02:42 --> mysqli_sql_exception: Unknown column 'users.id' in 'where clause' in C:\xampp 2\htdocs\project\system\Database\MySQLi\Connection.php:327
Stack trace:
#0 C:\xampp 2\htdocs\project\system\Database\MySQLi\Connection.php(327): mysqli->query('SELECT *\nFROM `...', 0)
#1 C:\xampp 2\htdocs\project\system\Database\BaseConnection.php(729): CodeIgniter\Database\MySQLi\Connection->execute('SELECT *\nFROM `...')
#2 C:\xampp 2\htdocs\project\system\Database\BaseConnection.php(646): CodeIgniter\Database\BaseConnection->simpleQuery('SELECT *\nFROM `...')
#3 C:\xampp 2\htdocs\project\system\Database\BaseBuilder.php(1649): CodeIgniter\Database\BaseConnection->query('SELECT *\nFROM `...', Array, false)
#4 C:\xampp 2\htdocs\project\system\Model.php(210): CodeIgniter\Database\BaseBuilder->get()
#5 C:\xampp 2\htdocs\project\system\BaseModel.php(611): CodeIgniter\Model->doFind(true, '2')
#6 C:\xampp 2\htdocs\project\app\Controllers\Student.php(18): CodeIgniter\BaseModel->find('2')
#7 C:\xampp 2\htdocs\project\system\CodeIgniter.php(933): App\Controllers\Student->profile()
#8 C:\xampp 2\htdocs\project\system\CodeIgniter.php(507): CodeIgniter\CodeIgniter->runController(Object(App\Controllers\Student))
#9 C:\xampp 2\htdocs\project\system\CodeIgniter.php(354): CodeIgniter\CodeIgniter->handleRequest(NULL, Object(Config\Cache), false)
#10 C:\xampp 2\htdocs\project\system\Boot.php(363): CodeIgniter\CodeIgniter->run()
#11 C:\xampp 2\htdocs\project\system\Boot.php(68): CodeIgniter\Boot::runCodeIgniter(Object(CodeIgniter\CodeIgniter))
#12 C:\xampp 2\htdocs\project\public\index.php(59): CodeIgniter\Boot::bootWeb(Object(Config\Paths))
#13 C:\xampp 2\htdocs\project\system\rewrite.php(44): require_once('C:\\xampp 2\\htdo...')
#14 {main}
CRITICAL - 2026-01-05 03:02:42 --> CodeIgniter\Database\Exceptions\DatabaseException: Unknown column 'users.id' in 'where clause'
[Method: GET, Route: student/profile]
in SYSTEMPATH\Database\BaseConnection.php on line 684.
 1 SYSTEMPATH\Database\BaseBuilder.php(1649): CodeIgniter\Database\BaseConnection->query('SELECT *
FROM `users`
WHERE `users`.`id` = :users.id:', [...], false)
 2 SYSTEMPATH\Model.php(210): CodeIgniter\Database\BaseBuilder->get()
 3 SYSTEMPATH\BaseModel.php(611): CodeIgniter\Model->doFind(true, '2')
 4 APPPATH\Controllers\Student.php(18): CodeIgniter\BaseModel->find('2')
 5 SYSTEMPATH\CodeIgniter.php(933): App\Controllers\Student->profile()
 6 SYSTEMPATH\CodeIgniter.php(507): CodeIgniter\CodeIgniter->runController(Object(App\Controllers\Student))
 7 SYSTEMPATH\CodeIgniter.php(354): CodeIgniter\CodeIgniter->handleRequest(null, Object(Config\Cache), false)
 8 SYSTEMPATH\Boot.php(363): CodeIgniter\CodeIgniter->run()
 9 SYSTEMPATH\Boot.php(68): CodeIgniter\Boot::runCodeIgniter(Object(CodeIgniter\CodeIgniter))
10 FCPATH\index.php(59): CodeIgniter\Boot::bootWeb(Object(Config\Paths))
11 SYSTEMPATH\rewrite.php(44): require_once('C:\\xampp 2\\htdocs\\project\\public\\index.php')
CRITICAL - 2026-01-05 03:02:42 --> [Caused by] CodeIgniter\Database\Exceptions\DatabaseException: Unknown column 'users.id' in 'where clause'
in SYSTEMPATH\Database\MySQLi\Connection.php on line 332.
 1 SYSTEMPATH\Database\BaseConnection.php(729): CodeIgniter\Database\MySQLi\Connection->execute('SELECT *
FROM `users`
WHERE `users`.`id` = \'2\'')
 2 SYSTEMPATH\Database\BaseConnection.php(646): CodeIgniter\Database\BaseConnection->simpleQuery('SELECT *
FROM `users`
WHERE `users`.`id` = \'2\'')
 3 SYSTEMPATH\Database\BaseBuilder.php(1649): CodeIgniter\Database\BaseConnection->query('SELECT *
FROM `users`
WHERE `users`.`id` = :users.id:', [...], false)
 4 SYSTEMPATH\Model.php(210): CodeIgniter\Database\BaseBuilder->get()
 5 SYSTEMPATH\BaseModel.php(611): CodeIgniter\Model->doFind(true, '2')
 6 APPPATH\Controllers\Student.php(18): CodeIgniter\BaseModel->find('2')
 7 SYSTEMPATH\CodeIgniter.php(933): App\Controllers\Student->profile()
 8 SYSTEMPATH\CodeIgniter.php(507): CodeIgniter\CodeIgniter->runController(Object(App\Controllers\Student))
 9 SYSTEMPATH\CodeIgniter.php(354): CodeIgniter\CodeIgniter->handleRequest(null, Object(Config\Cache), false)
10 SYSTEMPATH\Boot.php(363): CodeIgniter\CodeIgniter->run()
11 SYSTEMPATH\Boot.php(68): CodeIgniter\Boot::runCodeIgniter(Object(CodeIgniter\CodeIgniter))
12 FCPATH\index.php(59): CodeIgniter\Boot::bootWeb(Object(Config\Paths))
13 SYSTEMPATH\rewrite.php(44): require_once('C:\\xampp 2\\htdocs\\project\\public\\index.php')
CRITICAL - 2026-01-05 03:02:42 --> [Caused by] mysqli_sql_exception: Unknown column 'users.id' in 'where clause'
in SYSTEMPATH\Database\MySQLi\Connection.php on line 327.
 1 SYSTEMPATH\Database\MySQLi\Connection.php(327): mysqli->query('SELECT *
FROM `users`
WHERE `users`.`id` = \'2\'', 0)
 2 SYSTEMPATH\Database\BaseConnection.php(729): CodeIgniter\Database\MySQLi\Connection->execute('SELECT *
FROM `users`
WHERE `users`.`id` = \'2\'')
 3 SYSTEMPATH\Database\BaseConnection.php(646): CodeIgniter\Database\BaseConnection->simpleQuery('SELECT *
FROM `users`
WHERE `users`.`id` = \'2\'')
 4 SYSTEMPATH\Database\BaseBuilder.php(1649): CodeIgniter\Database\BaseConnection->query('SELECT *
FROM `users`
WHERE `users`.`id` = :users.id:', [...], false)
 5 SYSTEMPATH\Model.php(210): CodeIgniter\Database\BaseBuilder->get()
 6 SYSTEMPATH\BaseModel.php(611): CodeIgniter\Model->doFind(true, '2')
 7 APPPATH\Controllers\Student.php(18): CodeIgniter\BaseModel->find('2')
 8 SYSTEMPATH\CodeIgniter.php(933): App\Controllers\Student->profile()
 9 SYSTEMPATH\CodeIgniter.php(507): CodeIgniter\CodeIgniter->runController(Object(App\Controllers\Student))
10 SYSTEMPATH\CodeIgniter.php(354): CodeIgniter\CodeIgniter->handleRequest(null, Object(Config\Cache), false)
11 SYSTEMPATH\Boot.php(363): CodeIgniter\CodeIgniter->run()
12 SYSTEMPATH\Boot.php(68): CodeIgniter\Boot::runCodeIgniter(Object(CodeIgniter\CodeIgniter))
13 FCPATH\index.php(59): CodeIgniter\Boot::bootWeb(Object(Config\Paths))
14 SYSTEMPATH\rewrite.php(44): require_once('C:\\xampp 2\\htdocs\\project\\public\\index.php')
DEBUG - 2026-01-05 03:02:44 --> Session: Class initialized using 'CodeIgniter\Session\Handlers\FileHandler' driver.
DEBUG - 2026-01-05 03:02:45 --> Session: Class initialized using 'CodeIgniter\Session\Handlers\FileHandler' driver.
DEBUG - 2026-01-05 03:04:19 --> Session: Class initialized using 'CodeIgniter\Session\Handlers\FileHandler' driver.
DEBUG - 2026-01-05 03:04:26 --> Session: Class initialized using 'CodeIgniter\Session\Handlers\FileHandler' driver.
DEBUG - 2026-01-05 03:04:47 --> Session: Class initialized using 'CodeIgniter\Session\Handlers\FileHandler' driver.
DEBUG - 2026-01-05 03:04:50 --> Session: Class initialized using 'CodeIgniter\Session\Handlers\FileHandler' driver.
DEBUG - 2026-01-05 03:04:53 --> Session: Class initialized using 'CodeIgniter\Session\Handlers\FileHandler' driver.
DEBUG - 2026-01-05 03:04:59 --> Session: Class initialized using 'CodeIgniter\Session\Handlers\FileHandler' driver.
DEBUG - 2026-01-05 03:05:00 --> Session: Class initialized using 'CodeIgniter\Session\Handlers\FileHandler' driver.
DEBUG - 2026-01-05 03:05:03 --> Session: Class initialized using 'CodeIgniter\Session\Handlers\FileHandler' driver.
ERROR - 2026-01-05 03:05:03 --> mysqli_sql_exception: Unknown column 'users.id' in 'where clause' in C:\xampp 2\htdocs\project\system\Database\MySQLi\Connection.php:327
Stack trace:
#0 C:\xampp 2\htdocs\project\system\Database\MySQLi\Connection.php(327): mysqli->query('SELECT *\nFROM `...', 0)
#1 C:\xampp 2\htdocs\project\system\Database\BaseConnection.php(729): CodeIgniter\Database\MySQLi\Connection->execute('SELECT *\nFROM `...')
#2 C:\xampp 2\htdocs\project\system\Database\BaseConnection.php(646): CodeIgniter\Database\BaseConnection->simpleQuery('SELECT *\nFROM `...')
#3 C:\xampp 2\htdocs\project\system\Database\BaseBuilder.php(1649): CodeIgniter\Database\BaseConnection->query('SELECT *\nFROM `...', Array, false)
#4 C:\xampp 2\htdocs\project\system\Model.php(210): CodeIgniter\Database\BaseBuilder->get()
#5 C:\xampp 2\htdocs\project\system\BaseModel.php(611): CodeIgniter\Model->doFind(true, '2')
#6 C:\xampp 2\htdocs\project\app\Controllers\Student.php(18): CodeIgniter\BaseModel->find('2')
#7 C:\xampp 2\htdocs\project\system\CodeIgniter.php(933): App\Controllers\Student->profile()
#8 C:\xampp 2\htdocs\project\system\CodeIgniter.php(507): CodeIgniter\CodeIgniter->runController(Object(App\Controllers\Student))
#9 C:\xampp 2\htdocs\project\system\CodeIgniter.php(354): CodeIgniter\CodeIgniter->handleRequest(NULL, Object(Config\Cache), false)
#10 C:\xampp 2\htdocs\project\system\Boot.php(363): CodeIgniter\CodeIgniter->run()
#11 C:\xampp 2\htdocs\project\system\Boot.php(68): CodeIgniter\Boot::runCodeIgniter(Object(CodeIgniter\CodeIgniter))
#12 C:\xampp 2\htdocs\project\public\index.php(59): CodeIgniter\Boot::bootWeb(Object(Config\Paths))
#13 C:\xampp 2\htdocs\project\system\rewrite.php(44): require_once('C:\\xampp 2\\htdo...')
#14 {main}
CRITICAL - 2026-01-05 03:05:03 --> CodeIgniter\Database\Exceptions\DatabaseException: Unknown column 'users.id' in 'where clause'
[Method: GET, Route: student/profile]
in SYSTEMPATH\Database\BaseConnection.php on line 684.
 1 SYSTEMPATH\Database\BaseBuilder.php(1649): CodeIgniter\Database\BaseConnection->query('SELECT *
FROM `users`
WHERE `users`.`id` = :users.id:', [...], false)
 2 SYSTEMPATH\Model.php(210): CodeIgniter\Database\BaseBuilder->get()
 3 SYSTEMPATH\BaseModel.php(611): CodeIgniter\Model->doFind(true, '2')
 4 APPPATH\Controllers\Student.php(18): CodeIgniter\BaseModel->find('2')
 5 SYSTEMPATH\CodeIgniter.php(933): App\Controllers\Student->profile()
 6 SYSTEMPATH\CodeIgniter.php(507): CodeIgniter\CodeIgniter->runController(Object(App\Controllers\Student))
 7 SYSTEMPATH\CodeIgniter.php(354): CodeIgniter\CodeIgniter->handleRequest(null, Object(Config\Cache), false)
 8 SYSTEMPATH\Boot.php(363): CodeIgniter\CodeIgniter->run()
 9 SYSTEMPATH\Boot.php(68): CodeIgniter\Boot::runCodeIgniter(Object(CodeIgniter\CodeIgniter))
10 FCPATH\index.php(59): CodeIgniter\Boot::bootWeb(Object(Config\Paths))
11 SYSTEMPATH\rewrite.php(44): require_once('C:\\xampp 2\\htdocs\\project\\public\\index.php')
CRITICAL - 2026-01-05 03:05:03 --> [Caused by] CodeIgniter\Database\Exceptions\DatabaseException: Unknown column 'users.id' in 'where clause'
in SYSTEMPATH\Database\MySQLi\Connection.php on line 332.
 1 SYSTEMPATH\Database\BaseConnection.php(729): CodeIgniter\Database\MySQLi\Connection->execute('SELECT *
FROM `users`
WHERE `users`.`id` = \'2\'')
 2 SYSTEMPATH\Database\BaseConnection.php(646): CodeIgniter\Database\BaseConnection->simpleQuery('SELECT *
FROM `users`
WHERE `users`.`id` = \'2\'')
 3 SYSTEMPATH\Database\BaseBuilder.php(1649): CodeIgniter\Database\BaseConnection->query('SELECT *
FROM `users`
WHERE `users`.`id` = :users.id:', [...], false)
 4 SYSTEMPATH\Model.php(210): CodeIgniter\Database\BaseBuilder->get()
 5 SYSTEMPATH\BaseModel.php(611): CodeIgniter\Model->doFind(true, '2')
 6 APPPATH\Controllers\Student.php(18): CodeIgniter\BaseModel->find('2')
 7 SYSTEMPATH\CodeIgniter.php(933): App\Controllers\Student->profile()
 8 SYSTEMPATH\CodeIgniter.php(507): CodeIgniter\CodeIgniter->runController(Object(App\Controllers\Student))
 9 SYSTEMPATH\CodeIgniter.php(354): CodeIgniter\CodeIgniter->handleRequest(null, Object(Config\Cache), false)
10 SYSTEMPATH\Boot.php(363): CodeIgniter\CodeIgniter->run()
11 SYSTEMPATH\Boot.php(68): CodeIgniter\Boot::runCodeIgniter(Object(CodeIgniter\CodeIgniter))
12 FCPATH\index.php(59): CodeIgniter\Boot::bootWeb(Object(Config\Paths))
13 SYSTEMPATH\rewrite.php(44): require_once('C:\\xampp 2\\htdocs\\project\\public\\index.php')
CRITICAL - 2026-01-05 03:05:03 --> [Caused by] mysqli_sql_exception: Unknown column 'users.id' in 'where clause'
in SYSTEMPATH\Database\MySQLi\Connection.php on line 327.
 1 SYSTEMPATH\Database\MySQLi\Connection.php(327): mysqli->query('SELECT *
FROM `users`
WHERE `users`.`id` = \'2\'', 0)
 2 SYSTEMPATH\Database\BaseConnection.php(729): CodeIgniter\Database\MySQLi\Connection->execute('SELECT *
FROM `users`
WHERE `users`.`id` = \'2\'')
 3 SYSTEMPATH\Database\BaseConnection.php(646): CodeIgniter\Database\BaseConnection->simpleQuery('SELECT *
FROM `users`
WHERE `users`.`id` = \'2\'')
 4 SYSTEMPATH\Database\BaseBuilder.php(1649): CodeIgniter\Database\BaseConnection->query('SELECT *
FROM `users`
WHERE `users`.`id` = :users.id:', [...], false)
 5 SYSTEMPATH\Model.php(210): CodeIgniter\Database\BaseBuilder->get()
 6 SYSTEMPATH\BaseModel.php(611): CodeIgniter\Model->doFind(true, '2')
 7 APPPATH\Controllers\Student.php(18): CodeIgniter\BaseModel->find('2')
 8 SYSTEMPATH\CodeIgniter.php(933): App\Controllers\Student->profile()
 9 SYSTEMPATH\CodeIgniter.php(507): CodeIgniter\CodeIgniter->runController(Object(App\Controllers\Student))
10 SYSTEMPATH\CodeIgniter.php(354): CodeIgniter\CodeIgniter->handleRequest(null, Object(Config\Cache), false)
11 SYSTEMPATH\Boot.php(363): CodeIgniter\CodeIgniter->run()
12 SYSTEMPATH\Boot.php(68): CodeIgniter\Boot::runCodeIgniter(Object(CodeIgniter\CodeIgniter))
13 FCPATH\index.php(59): CodeIgniter\Boot::bootWeb(Object(Config\Paths))
14 SYSTEMPATH\rewrite.php(44): require_once('C:\\xampp 2\\htdocs\\project\\public\\index.php')
DEBUG - 2026-01-05 03:07:25 --> Session: Class initialized using 'CodeIgniter\Session\Handlers\FileHandler' driver.
ERROR - 2026-01-05 03:07:25 --> mysqli_sql_exception: Unknown column 'users.id' in 'where clause' in C:\xampp 2\htdocs\project\system\Database\MySQLi\Connection.php:327
Stack trace:
#0 C:\xampp 2\htdocs\project\system\Database\MySQLi\Connection.php(327): mysqli->query('SELECT *\nFROM `...', 0)
#1 C:\xampp 2\htdocs\project\system\Database\BaseConnection.php(729): CodeIgniter\Database\MySQLi\Connection->execute('SELECT *\nFROM `...')
#2 C:\xampp 2\htdocs\project\system\Database\BaseConnection.php(646): CodeIgniter\Database\BaseConnection->simpleQuery('SELECT *\nFROM `...')
#3 C:\xampp 2\htdocs\project\system\Database\BaseBuilder.php(1649): CodeIgniter\Database\BaseConnection->query('SELECT *\nFROM `...', Array, false)
#4 C:\xampp 2\htdocs\project\system\Model.php(210): CodeIgniter\Database\BaseBuilder->get()
#5 C:\xampp 2\htdocs\project\system\BaseModel.php(611): CodeIgniter\Model->doFind(true, '2')
#6 C:\xampp 2\htdocs\project\app\Controllers\Student.php(18): CodeIgniter\BaseModel->find('2')
#7 C:\xampp 2\htdocs\project\system\CodeIgniter.php(933): App\Controllers\Student->profile()
#8 C:\xampp 2\htdocs\project\system\CodeIgniter.php(507): CodeIgniter\CodeIgniter->runController(Object(App\Controllers\Student))
#9 C:\xampp 2\htdocs\project\system\CodeIgniter.php(354): CodeIgniter\CodeIgniter->handleRequest(NULL, Object(Config\Cache), false)
#10 C:\xampp 2\htdocs\project\system\Boot.php(363): CodeIgniter\CodeIgniter->run()
#11 C:\xampp 2\htdocs\project\system\Boot.php(68): CodeIgniter\Boot::runCodeIgniter(Object(CodeIgniter\CodeIgniter))
#12 C:\xampp 2\htdocs\project\public\index.php(59): CodeIgniter\Boot::bootWeb(Object(Config\Paths))
#13 C:\xampp 2\htdocs\project\system\rewrite.php(44): require_once('C:\\xampp 2\\htdo...')
#14 {main}
CRITICAL - 2026-01-05 03:07:25 --> CodeIgniter\Database\Exceptions\DatabaseException: Unknown column 'users.id' in 'where clause'
[Method: GET, Route: student/profile]
in SYSTEMPATH\Database\BaseConnection.php on line 684.
 1 SYSTEMPATH\Database\BaseBuilder.php(1649): CodeIgniter\Database\BaseConnection->query('SELECT *
FROM `users`
WHERE `users`.`id` = :users.id:', [...], false)
 2 SYSTEMPATH\Model.php(210): CodeIgniter\Database\BaseBuilder->get()
 3 SYSTEMPATH\BaseModel.php(611): CodeIgniter\Model->doFind(true, '2')
 4 APPPATH\Controllers\Student.php(18): CodeIgniter\BaseModel->find('2')
 5 SYSTEMPATH\CodeIgniter.php(933): App\Controllers\Student->profile()
 6 SYSTEMPATH\CodeIgniter.php(507): CodeIgniter\CodeIgniter->runController(Object(App\Controllers\Student))
 7 SYSTEMPATH\CodeIgniter.php(354): CodeIgniter\CodeIgniter->handleRequest(null, Object(Config\Cache), false)
 8 SYSTEMPATH\Boot.php(363): CodeIgniter\CodeIgniter->run()
 9 SYSTEMPATH\Boot.php(68): CodeIgniter\Boot::runCodeIgniter(Object(CodeIgniter\CodeIgniter))
10 FCPATH\index.php(59): CodeIgniter\Boot::bootWeb(Object(Config\Paths))
11 SYSTEMPATH\rewrite.php(44): require_once('C:\\xampp 2\\htdocs\\project\\public\\index.php')
CRITICAL - 2026-01-05 03:07:25 --> [Caused by] CodeIgniter\Database\Exceptions\DatabaseException: Unknown column 'users.id' in 'where clause'
in SYSTEMPATH\Database\MySQLi\Connection.php on line 332.
 1 SYSTEMPATH\Database\BaseConnection.php(729): CodeIgniter\Database\MySQLi\Connection->execute('SELECT *
FROM `users`
WHERE `users`.`id` = \'2\'')
 2 SYSTEMPATH\Database\BaseConnection.php(646): CodeIgniter\Database\BaseConnection->simpleQuery('SELECT *
FROM `users`
WHERE `users`.`id` = \'2\'')
 3 SYSTEMPATH\Database\BaseBuilder.php(1649): CodeIgniter\Database\BaseConnection->query('SELECT *
FROM `users`
WHERE `users`.`id` = :users.id:', [...], false)
 4 SYSTEMPATH\Model.php(210): CodeIgniter\Database\BaseBuilder->get()
 5 SYSTEMPATH\BaseModel.php(611): CodeIgniter\Model->doFind(true, '2')
 6 APPPATH\Controllers\Student.php(18): CodeIgniter\BaseModel->find('2')
 7 SYSTEMPATH\CodeIgniter.php(933): App\Controllers\Student->profile()
 8 SYSTEMPATH\CodeIgniter.php(507): CodeIgniter\CodeIgniter->runController(Object(App\Controllers\Student))
 9 SYSTEMPATH\CodeIgniter.php(354): CodeIgniter\CodeIgniter->handleRequest(null, Object(Config\Cache), false)
10 SYSTEMPATH\Boot.php(363): CodeIgniter\CodeIgniter->run()
11 SYSTEMPATH\Boot.php(68): CodeIgniter\Boot::runCodeIgniter(Object(CodeIgniter\CodeIgniter))
12 FCPATH\index.php(59): CodeIgniter\Boot::bootWeb(Object(Config\Paths))
13 SYSTEMPATH\rewrite.php(44): require_once('C:\\xampp 2\\htdocs\\project\\public\\index.php')
CRITICAL - 2026-01-05 03:07:25 --> [Caused by] mysqli_sql_exception: Unknown column 'users.id' in 'where clause'
in SYSTEMPATH\Database\MySQLi\Connection.php on line 327.
 1 SYSTEMPATH\Database\MySQLi\Connection.php(327): mysqli->query('SELECT *
FROM `users`
WHERE `users`.`id` = \'2\'', 0)
 2 SYSTEMPATH\Database\BaseConnection.php(729): CodeIgniter\Database\MySQLi\Connection->execute('SELECT *
FROM `users`
WHERE `users`.`id` = \'2\'')
 3 SYSTEMPATH\Database\BaseConnection.php(646): CodeIgniter\Database\BaseConnection->simpleQuery('SELECT *
FROM `users`
WHERE `users`.`id` = \'2\'')
 4 SYSTEMPATH\Database\BaseBuilder.php(1649): CodeIgniter\Database\BaseConnection->query('SELECT *
FROM `users`
WHERE `users`.`id` = :users.id:', [...], false)
 5 SYSTEMPATH\Model.php(210): CodeIgniter\Database\BaseBuilder->get()
 6 SYSTEMPATH\BaseModel.php(611): CodeIgniter\Model->doFind(true, '2')
 7 APPPATH\Controllers\Student.php(18): CodeIgniter\BaseModel->find('2')
 8 SYSTEMPATH\CodeIgniter.php(933): App\Controllers\Student->profile()
 9 SYSTEMPATH\CodeIgniter.php(507): CodeIgniter\CodeIgniter->runController(Object(App\Controllers\Student))
10 SYSTEMPATH\CodeIgniter.php(354): CodeIgniter\CodeIgniter->handleRequest(null, Object(Config\Cache), false)
11 SYSTEMPATH\Boot.php(363): CodeIgniter\CodeIgniter->run()
12 SYSTEMPATH\Boot.php(68): CodeIgniter\Boot::runCodeIgniter(Object(CodeIgniter\CodeIgniter))
13 FCPATH\index.php(59): CodeIgniter\Boot::bootWeb(Object(Config\Paths))
14 SYSTEMPATH\rewrite.php(44): require_once('C:\\xampp 2\\htdocs\\project\\public\\index.php')
DEBUG - 2026-01-05 03:07:27 --> Session: Class initialized using 'CodeIgniter\Session\Handlers\FileHandler' driver.
DEBUG - 2026-01-05 03:07:29 --> Session: Class initialized using 'CodeIgniter\Session\Handlers\FileHandler' driver.
ERROR - 2026-01-05 03:07:29 --> mysqli_sql_exception: Unknown column 'users.id' in 'where clause' in C:\xampp 2\htdocs\project\system\Database\MySQLi\Connection.php:327
Stack trace:
#0 C:\xampp 2\htdocs\project\system\Database\MySQLi\Connection.php(327): mysqli->query('SELECT *\nFROM `...', 0)
#1 C:\xampp 2\htdocs\project\system\Database\BaseConnection.php(729): CodeIgniter\Database\MySQLi\Connection->execute('SELECT *\nFROM `...')
#2 C:\xampp 2\htdocs\project\system\Database\BaseConnection.php(646): CodeIgniter\Database\BaseConnection->simpleQuery('SELECT *\nFROM `...')
#3 C:\xampp 2\htdocs\project\system\Database\BaseBuilder.php(1649): CodeIgniter\Database\BaseConnection->query('SELECT *\nFROM `...', Array, false)
#4 C:\xampp 2\htdocs\project\system\Model.php(210): CodeIgniter\Database\BaseBuilder->get()
#5 C:\xampp 2\htdocs\project\system\BaseModel.php(611): CodeIgniter\Model->doFind(true, '2')
#6 C:\xampp 2\htdocs\project\app\Controllers\Student.php(18): CodeIgniter\BaseModel->find('2')
#7 C:\xampp 2\htdocs\project\system\CodeIgniter.php(933): App\Controllers\Student->profile()
#8 C:\xampp 2\htdocs\project\system\CodeIgniter.php(507): CodeIgniter\CodeIgniter->runController(Object(App\Controllers\Student))
#9 C:\xampp 2\htdocs\project\system\CodeIgniter.php(354): CodeIgniter\CodeIgniter->handleRequest(NULL, Object(Config\Cache), false)
#10 C:\xampp 2\htdocs\project\system\Boot.php(363): CodeIgniter\CodeIgniter->run()
#11 C:\xampp 2\htdocs\project\system\Boot.php(68): CodeIgniter\Boot::runCodeIgniter(Object(CodeIgniter\CodeIgniter))
#12 C:\xampp 2\htdocs\project\public\index.php(59): CodeIgniter\Boot::bootWeb(Object(Config\Paths))
#13 C:\xampp 2\htdocs\project\system\rewrite.php(44): require_once('C:\\xampp 2\\htdo...')
#14 {main}
CRITICAL - 2026-01-05 03:07:29 --> CodeIgniter\Database\Exceptions\DatabaseException: Unknown column 'users.id' in 'where clause'
[Method: GET, Route: student/profile]
in SYSTEMPATH\Database\BaseConnection.php on line 684.
 1 SYSTEMPATH\Database\BaseBuilder.php(1649): CodeIgniter\Database\BaseConnection->query('SELECT *
FROM `users`
WHERE `users`.`id` = :users.id:', [...], false)
 2 SYSTEMPATH\Model.php(210): CodeIgniter\Database\BaseBuilder->get()
 3 SYSTEMPATH\BaseModel.php(611): CodeIgniter\Model->doFind(true, '2')
 4 APPPATH\Controllers\Student.php(18): CodeIgniter\BaseModel->find('2')
 5 SYSTEMPATH\CodeIgniter.php(933): App\Controllers\Student->profile()
 6 SYSTEMPATH\CodeIgniter.php(507): CodeIgniter\CodeIgniter->runController(Object(App\Controllers\Student))
 7 SYSTEMPATH\CodeIgniter.php(354): CodeIgniter\CodeIgniter->handleRequest(null, Object(Config\Cache), false)
 8 SYSTEMPATH\Boot.php(363): CodeIgniter\CodeIgniter->run()
 9 SYSTEMPATH\Boot.php(68): CodeIgniter\Boot::runCodeIgniter(Object(CodeIgniter\CodeIgniter))
10 FCPATH\index.php(59): CodeIgniter\Boot::bootWeb(Object(Config\Paths))
11 SYSTEMPATH\rewrite.php(44): require_once('C:\\xampp 2\\htdocs\\project\\public\\index.php')
CRITICAL - 2026-01-05 03:07:29 --> [Caused by] CodeIgniter\Database\Exceptions\DatabaseException: Unknown column 'users.id' in 'where clause'
in SYSTEMPATH\Database\MySQLi\Connection.php on line 332.
 1 SYSTEMPATH\Database\BaseConnection.php(729): CodeIgniter\Database\MySQLi\Connection->execute('SELECT *
FROM `users`
WHERE `users`.`id` = \'2\'')
 2 SYSTEMPATH\Database\BaseConnection.php(646): CodeIgniter\Database\BaseConnection->simpleQuery('SELECT *
FROM `users`
WHERE `users`.`id` = \'2\'')
 3 SYSTEMPATH\Database\BaseBuilder.php(1649): CodeIgniter\Database\BaseConnection->query('SELECT *
FROM `users`
WHERE `users`.`id` = :users.id:', [...], false)
 4 SYSTEMPATH\Model.php(210): CodeIgniter\Database\BaseBuilder->get()
 5 SYSTEMPATH\BaseModel.php(611): CodeIgniter\Model->doFind(true, '2')
 6 APPPATH\Controllers\Student.php(18): CodeIgniter\BaseModel->find('2')
 7 SYSTEMPATH\CodeIgniter.php(933): App\Controllers\Student->profile()
 8 SYSTEMPATH\CodeIgniter.php(507): CodeIgniter\CodeIgniter->runController(Object(App\Controllers\Student))
 9 SYSTEMPATH\CodeIgniter.php(354): CodeIgniter\CodeIgniter->handleRequest(null, Object(Config\Cache), false)
10 SYSTEMPATH\Boot.php(363): CodeIgniter\CodeIgniter->run()
11 SYSTEMPATH\Boot.php(68): CodeIgniter\Boot::runCodeIgniter(Object(CodeIgniter\CodeIgniter))
12 FCPATH\index.php(59): CodeIgniter\Boot::bootWeb(Object(Config\Paths))
13 SYSTEMPATH\rewrite.php(44): require_once('C:\\xampp 2\\htdocs\\project\\public\\index.php')
CRITICAL - 2026-01-05 03:07:29 --> [Caused by] mysqli_sql_exception: Unknown column 'users.id' in 'where clause'
in SYSTEMPATH\Database\MySQLi\Connection.php on line 327.
 1 SYSTEMPATH\Database\MySQLi\Connection.php(327): mysqli->query('SELECT *
FROM `users`
WHERE `users`.`id` = \'2\'', 0)
 2 SYSTEMPATH\Database\BaseConnection.php(729): CodeIgniter\Database\MySQLi\Connection->execute('SELECT *
FROM `users`
WHERE `users`.`id` = \'2\'')
 3 SYSTEMPATH\Database\BaseConnection.php(646): CodeIgniter\Database\BaseConnection->simpleQuery('SELECT *
FROM `users`
WHERE `users`.`id` = \'2\'')
 4 SYSTEMPATH\Database\BaseBuilder.php(1649): CodeIgniter\Database\BaseConnection->query('SELECT *
FROM `users`
WHERE `users`.`id` = :users.id:', [...], false)
 5 SYSTEMPATH\Model.php(210): CodeIgniter\Database\BaseBuilder->get()
 6 SYSTEMPATH\BaseModel.php(611): CodeIgniter\Model->doFind(true, '2')
 7 APPPATH\Controllers\Student.php(18): CodeIgniter\BaseModel->find('2')
 8 SYSTEMPATH\CodeIgniter.php(933): App\Controllers\Student->profile()
 9 SYSTEMPATH\CodeIgniter.php(507): CodeIgniter\CodeIgniter->runController(Object(App\Controllers\Student))
10 SYSTEMPATH\CodeIgniter.php(354): CodeIgniter\CodeIgniter->handleRequest(null, Object(Config\Cache), false)
11 SYSTEMPATH\Boot.php(363): CodeIgniter\CodeIgniter->run()
12 SYSTEMPATH\Boot.php(68): CodeIgniter\Boot::runCodeIgniter(Object(CodeIgniter\CodeIgniter))
13 FCPATH\index.php(59): CodeIgniter\Boot::bootWeb(Object(Config\Paths))
14 SYSTEMPATH\rewrite.php(44): require_once('C:\\xampp 2\\htdocs\\project\\public\\index.php')
DEBUG - 2026-01-05 03:10:44 --> Session: Class initialized using 'CodeIgniter\Session\Handlers\FileHandler' driver.
DEBUG - 2026-01-05 03:10:47 --> Session: Class initialized using 'CodeIgniter\Session\Handlers\FileHandler' driver.
DEBUG - 2026-01-05 03:10:47 --> Session: Class initialized using 'CodeIgniter\Session\Handlers\FileHandler' driver.
DEBUG - 2026-01-05 03:10:48 --> Session: Class initialized using 'CodeIgniter\Session\Handlers\FileHandler' driver.
DEBUG - 2026-01-05 03:10:48 --> Session: Class initialized using 'CodeIgniter\Session\Handlers\FileHandler' driver.
DEBUG - 2026-01-05 03:10:51 --> Session: Class initialized using 'CodeIgniter\Session\Handlers\FileHandler' driver.
DEBUG - 2026-01-05 03:10:52 --> Session: Class initialized using 'CodeIgniter\Session\Handlers\FileHandler' driver.
DEBUG - 2026-01-05 03:10:53 --> Session: Class initialized using 'CodeIgniter\Session\Handlers\FileHandler' driver.
DEBUG - 2026-01-05 03:10:55 --> Session: Class initialized using 'CodeIgniter\Session\Handlers\FileHandler' driver.
DEBUG - 2026-01-05 03:10:57 --> Session: Class initialized using 'CodeIgniter\Session\Handlers\FileHandler' driver.
CRITICAL - 2026-01-05 03:10:57 --> ErrorException: Undefined variable $tutors
[Method: GET, Route: tutor]
in APPPATH\Views\public\tutor.php on line 6.
 1 APPPATH\Views\public\tutor.php(6): CodeIgniter\Debug\Exceptions->errorHandler(2, 'Undefined variable $tutors', 'C:\\xampp 2\\htdocs\\project\\app\\Views\\public\\tutor.php', 6)
 2 SYSTEMPATH\View\View.php(226): include('C:\\xampp 2\\htdocs\\project\\app\\Views\\public\\tutor.php')
 3 SYSTEMPATH\View\View.php(229): CodeIgniter\View\View->CodeIgniter\View\{closure}()
 4 SYSTEMPATH\Common.php(1199): CodeIgniter\View\View->render('public/tutor', [], true)
 5 APPPATH\Controllers\Pages.php(28): view('public/tutor')
 6 SYSTEMPATH\CodeIgniter.php(933): App\Controllers\Pages->tutor()
 7 SYSTEMPATH\CodeIgniter.php(507): CodeIgniter\CodeIgniter->runController(Object(App\Controllers\Pages))
 8 SYSTEMPATH\CodeIgniter.php(354): CodeIgniter\CodeIgniter->handleRequest(null, Object(Config\Cache), false)
 9 SYSTEMPATH\Boot.php(363): CodeIgniter\CodeIgniter->run()
10 SYSTEMPATH\Boot.php(68): CodeIgniter\Boot::runCodeIgniter(Object(CodeIgniter\CodeIgniter))
11 FCPATH\index.php(59): CodeIgniter\Boot::bootWeb(Object(Config\Paths))
12 SYSTEMPATH\rewrite.php(44): require_once('C:\\xampp 2\\htdocs\\project\\public\\index.php')
DEBUG - 2026-01-05 03:11:05 --> Session: Class initialized using 'CodeIgniter\Session\Handlers\FileHandler' driver.
CRITICAL - 2026-01-05 03:11:05 --> ErrorException: Undefined variable $tutors
[Method: GET, Route: tutor]
in APPPATH\Views\public\tutor.php on line 6.
 1 APPPATH\Views\public\tutor.php(6): CodeIgniter\Debug\Exceptions->errorHandler(2, 'Undefined variable $tutors', 'C:\\xampp 2\\htdocs\\project\\app\\Views\\public\\tutor.php', 6)
 2 SYSTEMPATH\View\View.php(226): include('C:\\xampp 2\\htdocs\\project\\app\\Views\\public\\tutor.php')
 3 SYSTEMPATH\View\View.php(229): CodeIgniter\View\View->CodeIgniter\View\{closure}()
 4 SYSTEMPATH\Common.php(1199): CodeIgniter\View\View->render('public/tutor', [], true)
 5 APPPATH\Controllers\Pages.php(28): view('public/tutor')
 6 SYSTEMPATH\CodeIgniter.php(933): App\Controllers\Pages->tutor()
 7 SYSTEMPATH\CodeIgniter.php(507): CodeIgniter\CodeIgniter->runController(Object(App\Controllers\Pages))
 8 SYSTEMPATH\CodeIgniter.php(354): CodeIgniter\CodeIgniter->handleRequest(null, Object(Config\Cache), false)
 9 SYSTEMPATH\Boot.php(363): CodeIgniter\CodeIgniter->run()
10 SYSTEMPATH\Boot.php(68): CodeIgniter\Boot::runCodeIgniter(Object(CodeIgniter\CodeIgniter))
11 FCPATH\index.php(59): CodeIgniter\Boot::bootWeb(Object(Config\Paths))
12 SYSTEMPATH\rewrite.php(44): require_once('C:\\xampp 2\\htdocs\\project\\public\\index.php')
DEBUG - 2026-01-05 03:11:12 --> Session: Class initialized using 'CodeIgniter\Session\Handlers\FileHandler' driver.
DEBUG - 2026-01-05 03:11:15 --> Session: Class initialized using 'CodeIgniter\Session\Handlers\FileHandler' driver.
CRITICAL - 2026-01-05 03:11:15 --> ErrorException: Undefined variable $tutors
[Method: GET, Route: tutor]
in APPPATH\Views\public\tutor.php on line 6.
 1 APPPATH\Views\public\tutor.php(6): CodeIgniter\Debug\Exceptions->errorHandler(2, 'Undefined variable $tutors', 'C:\\xampp 2\\htdocs\\project\\app\\Views\\public\\tutor.php', 6)
 2 SYSTEMPATH\View\View.php(226): include('C:\\xampp 2\\htdocs\\project\\app\\Views\\public\\tutor.php')
 3 SYSTEMPATH\View\View.php(229): CodeIgniter\View\View->CodeIgniter\View\{closure}()
 4 SYSTEMPATH\Common.php(1199): CodeIgniter\View\View->render('public/tutor', [], true)
 5 APPPATH\Controllers\Pages.php(28): view('public/tutor')
 6 SYSTEMPATH\CodeIgniter.php(933): App\Controllers\Pages->tutor()
 7 SYSTEMPATH\CodeIgniter.php(507): CodeIgniter\CodeIgniter->runController(Object(App\Controllers\Pages))
 8 SYSTEMPATH\CodeIgniter.php(354): CodeIgniter\CodeIgniter->handleRequest(null, Object(Config\Cache), false)
 9 SYSTEMPATH\Boot.php(363): CodeIgniter\CodeIgniter->run()
10 SYSTEMPATH\Boot.php(68): CodeIgniter\Boot::runCodeIgniter(Object(CodeIgniter\CodeIgniter))
11 FCPATH\index.php(59): CodeIgniter\Boot::bootWeb(Object(Config\Paths))
12 SYSTEMPATH\rewrite.php(44): require_once('C:\\xampp 2\\htdocs\\project\\public\\index.php')
DEBUG - 2026-01-05 03:11:20 --> Session: Class initialized using 'CodeIgniter\Session\Handlers\FileHandler' driver.
DEBUG - 2026-01-05 03:11:22 --> Session: Class initialized using 'CodeIgniter\Session\Handlers\FileHandler' driver.
DEBUG - 2026-01-05 03:11:27 --> Session: Class initialized using 'CodeIgniter\Session\Handlers\FileHandler' driver.
DEBUG - 2026-01-05 03:11:27 --> Session: Class initialized using 'CodeIgniter\Session\Handlers\FileHandler' driver.
DEBUG - 2026-01-05 03:11:32 --> Session: Class initialized using 'CodeIgniter\Session\Handlers\FileHandler' driver.
DEBUG - 2026-01-05 03:13:20 --> Session: Class initialized using 'CodeIgniter\Session\Handlers\FileHandler' driver.
DEBUG - 2026-01-05 03:13:23 --> Session: Class initialized using 'CodeIgniter\Session\Handlers\FileHandler' driver.
DEBUG - 2026-01-05 03:13:23 --> Session: Class initialized using 'CodeIgniter\Session\Handlers\FileHandler' driver.
DEBUG - 2026-01-05 03:13:26 --> Session: Class initialized using 'CodeIgniter\Session\Handlers\FileHandler' driver.
CRITICAL - 2026-01-05 03:13:26 --> ErrorException: Undefined variable $tutors
[Method: GET, Route: tutor]
in APPPATH\Views\public\tutor.php on line 6.
 1 APPPATH\Views\public\tutor.php(6): CodeIgniter\Debug\Exceptions->errorHandler(2, 'Undefined variable $tutors', 'C:\\xampp 2\\htdocs\\project\\app\\Views\\public\\tutor.php', 6)
 2 SYSTEMPATH\View\View.php(226): include('C:\\xampp 2\\htdocs\\project\\app\\Views\\public\\tutor.php')
 3 SYSTEMPATH\View\View.php(229): CodeIgniter\View\View->CodeIgniter\View\{closure}()
 4 SYSTEMPATH\Common.php(1199): CodeIgniter\View\View->render('public/tutor', [], true)
 5 APPPATH\Controllers\Pages.php(28): view('public/tutor')
 6 SYSTEMPATH\CodeIgniter.php(933): App\Controllers\Pages->tutor()
 7 SYSTEMPATH\CodeIgniter.php(507): CodeIgniter\CodeIgniter->runController(Object(App\Controllers\Pages))
 8 SYSTEMPATH\CodeIgniter.php(354): CodeIgniter\CodeIgniter->handleRequest(null, Object(Config\Cache), false)
 9 SYSTEMPATH\Boot.php(363): CodeIgniter\CodeIgniter->run()
10 SYSTEMPATH\Boot.php(68): CodeIgniter\Boot::runCodeIgniter(Object(CodeIgniter\CodeIgniter))
11 FCPATH\index.php(59): CodeIgniter\Boot::bootWeb(Object(Config\Paths))
12 SYSTEMPATH\rewrite.php(44): require_once('C:\\xampp 2\\htdocs\\project\\public\\index.php')
DEBUG - 2026-01-05 03:13:40 --> Session: Class initialized using 'CodeIgniter\Session\Handlers\FileHandler' driver.
DEBUG - 2026-01-05 03:13:50 --> Session: Class initialized using 'CodeIgniter\Session\Handlers\FileHandler' driver.
DEBUG - 2026-01-05 03:13:50 --> Session: Class initialized using 'CodeIgniter\Session\Handlers\FileHandler' driver.
DEBUG - 2026-01-05 03:13:52 --> Session: Class initialized using 'CodeIgniter\Session\Handlers\FileHandler' driver.
DEBUG - 2026-01-05 03:14:47 --> Session: Class initialized using 'CodeIgniter\Session\Handlers\FileHandler' driver.
DEBUG - 2026-01-05 03:14:53 --> Session: Class initialized using 'CodeIgniter\Session\Handlers\FileHandler' driver.
DEBUG - 2026-01-05 03:14:57 --> Session: Class initialized using 'CodeIgniter\Session\Handlers\FileHandler' driver.
DEBUG - 2026-01-05 03:14:59 --> Session: Class initialized using 'CodeIgniter\Session\Handlers\FileHandler' driver.
DEBUG - 2026-01-05 03:15:02 --> Session: Class initialized using 'CodeIgniter\Session\Handlers\FileHandler' driver.
ERROR - 2026-01-05 03:15:02 --> mysqli_sql_exception: Unknown column 'users.id' in 'where clause' in C:\xampp 2\htdocs\project\system\Database\MySQLi\Connection.php:327
Stack trace:
#0 C:\xampp 2\htdocs\project\system\Database\MySQLi\Connection.php(327): mysqli->query('SELECT *\nFROM `...', 0)
#1 C:\xampp 2\htdocs\project\system\Database\BaseConnection.php(729): CodeIgniter\Database\MySQLi\Connection->execute('SELECT *\nFROM `...')
#2 C:\xampp 2\htdocs\project\system\Database\BaseConnection.php(646): CodeIgniter\Database\BaseConnection->simpleQuery('SELECT *\nFROM `...')
#3 C:\xampp 2\htdocs\project\system\Database\BaseBuilder.php(1649): CodeIgniter\Database\BaseConnection->query('SELECT *\nFROM `...', Array, false)
#4 C:\xampp 2\htdocs\project\system\Model.php(210): CodeIgniter\Database\BaseBuilder->get()
#5 C:\xampp 2\htdocs\project\system\BaseModel.php(611): CodeIgniter\Model->doFind(true, '2')
#6 C:\xampp 2\htdocs\project\app\Controllers\Student.php(18): CodeIgniter\BaseModel->find('2')
#7 C:\xampp 2\htdocs\project\system\CodeIgniter.php(933): App\Controllers\Student->profile()
#8 C:\xampp 2\htdocs\project\system\CodeIgniter.php(507): CodeIgniter\CodeIgniter->runController(Object(App\Controllers\Student))
#9 C:\xampp 2\htdocs\project\system\CodeIgniter.php(354): CodeIgniter\CodeIgniter->handleRequest(NULL, Object(Config\Cache), false)
#10 C:\xampp 2\htdocs\project\system\Boot.php(363): CodeIgniter\CodeIgniter->run()
#11 C:\xampp 2\htdocs\project\system\Boot.php(68): CodeIgniter\Boot::runCodeIgniter(Object(CodeIgniter\CodeIgniter))
#12 C:\xampp 2\htdocs\project\public\index.php(59): CodeIgniter\Boot::bootWeb(Object(Config\Paths))
#13 C:\xampp 2\htdocs\project\system\rewrite.php(44): require_once('C:\\xampp 2\\htdo...')
#14 {main}
CRITICAL - 2026-01-05 03:15:02 --> CodeIgniter\Database\Exceptions\DatabaseException: Unknown column 'users.id' in 'where clause'
[Method: GET, Route: student/profile]
in SYSTEMPATH\Database\BaseConnection.php on line 684.
 1 SYSTEMPATH\Database\BaseBuilder.php(1649): CodeIgniter\Database\BaseConnection->query('SELECT *
FROM `users`
WHERE `users`.`id` = :users.id:', [...], false)
 2 SYSTEMPATH\Model.php(210): CodeIgniter\Database\BaseBuilder->get()
 3 SYSTEMPATH\BaseModel.php(611): CodeIgniter\Model->doFind(true, '2')
 4 APPPATH\Controllers\Student.php(18): CodeIgniter\BaseModel->find('2')
 5 SYSTEMPATH\CodeIgniter.php(933): App\Controllers\Student->profile()
 6 SYSTEMPATH\CodeIgniter.php(507): CodeIgniter\CodeIgniter->runController(Object(App\Controllers\Student))
 7 SYSTEMPATH\CodeIgniter.php(354): CodeIgniter\CodeIgniter->handleRequest(null, Object(Config\Cache), false)
 8 SYSTEMPATH\Boot.php(363): CodeIgniter\CodeIgniter->run()
 9 SYSTEMPATH\Boot.php(68): CodeIgniter\Boot::runCodeIgniter(Object(CodeIgniter\CodeIgniter))
10 FCPATH\index.php(59): CodeIgniter\Boot::bootWeb(Object(Config\Paths))
11 SYSTEMPATH\rewrite.php(44): require_once('C:\\xampp 2\\htdocs\\project\\public\\index.php')
CRITICAL - 2026-01-05 03:15:02 --> [Caused by] CodeIgniter\Database\Exceptions\DatabaseException: Unknown column 'users.id' in 'where clause'
in SYSTEMPATH\Database\MySQLi\Connection.php on line 332.
 1 SYSTEMPATH\Database\BaseConnection.php(729): CodeIgniter\Database\MySQLi\Connection->execute('SELECT *
FROM `users`
WHERE `users`.`id` = \'2\'')
 2 SYSTEMPATH\Database\BaseConnection.php(646): CodeIgniter\Database\BaseConnection->simpleQuery('SELECT *
FROM `users`
WHERE `users`.`id` = \'2\'')
 3 SYSTEMPATH\Database\BaseBuilder.php(1649): CodeIgniter\Database\BaseConnection->query('SELECT *
FROM `users`
WHERE `users`.`id` = :users.id:', [...], false)
 4 SYSTEMPATH\Model.php(210): CodeIgniter\Database\BaseBuilder->get()
 5 SYSTEMPATH\BaseModel.php(611): CodeIgniter\Model->doFind(true, '2')
 6 APPPATH\Controllers\Student.php(18): CodeIgniter\BaseModel->find('2')
 7 SYSTEMPATH\CodeIgniter.php(933): App\Controllers\Student->profile()
 8 SYSTEMPATH\CodeIgniter.php(507): CodeIgniter\CodeIgniter->runController(Object(App\Controllers\Student))
 9 SYSTEMPATH\CodeIgniter.php(354): CodeIgniter\CodeIgniter->handleRequest(null, Object(Config\Cache), false)
10 SYSTEMPATH\Boot.php(363): CodeIgniter\CodeIgniter->run()
11 SYSTEMPATH\Boot.php(68): CodeIgniter\Boot::runCodeIgniter(Object(CodeIgniter\CodeIgniter))
12 FCPATH\index.php(59): CodeIgniter\Boot::bootWeb(Object(Config\Paths))
13 SYSTEMPATH\rewrite.php(44): require_once('C:\\xampp 2\\htdocs\\project\\public\\index.php')
CRITICAL - 2026-01-05 03:15:02 --> [Caused by] mysqli_sql_exception: Unknown column 'users.id' in 'where clause'
in SYSTEMPATH\Database\MySQLi\Connection.php on line 327.
 1 SYSTEMPATH\Database\MySQLi\Connection.php(327): mysqli->query('SELECT *
FROM `users`
WHERE `users`.`id` = \'2\'', 0)
 2 SYSTEMPATH\Database\BaseConnection.php(729): CodeIgniter\Database\MySQLi\Connection->execute('SELECT *
FROM `users`
WHERE `users`.`id` = \'2\'')
 3 SYSTEMPATH\Database\BaseConnection.php(646): CodeIgniter\Database\BaseConnection->simpleQuery('SELECT *
FROM `users`
WHERE `users`.`id` = \'2\'')
 4 SYSTEMPATH\Database\BaseBuilder.php(1649): CodeIgniter\Database\BaseConnection->query('SELECT *
FROM `users`
WHERE `users`.`id` = :users.id:', [...], false)
 5 SYSTEMPATH\Model.php(210): CodeIgniter\Database\BaseBuilder->get()
 6 SYSTEMPATH\BaseModel.php(611): CodeIgniter\Model->doFind(true, '2')
 7 APPPATH\Controllers\Student.php(18): CodeIgniter\BaseModel->find('2')
 8 SYSTEMPATH\CodeIgniter.php(933): App\Controllers\Student->profile()
 9 SYSTEMPATH\CodeIgniter.php(507): CodeIgniter\CodeIgniter->runController(Object(App\Controllers\Student))
10 SYSTEMPATH\CodeIgniter.php(354): CodeIgniter\CodeIgniter->handleRequest(null, Object(Config\Cache), false)
11 SYSTEMPATH\Boot.php(363): CodeIgniter\CodeIgniter->run()
12 SYSTEMPATH\Boot.php(68): CodeIgniter\Boot::runCodeIgniter(Object(CodeIgniter\CodeIgniter))
13 FCPATH\index.php(59): CodeIgniter\Boot::bootWeb(Object(Config\Paths))
14 SYSTEMPATH\rewrite.php(44): require_once('C:\\xampp 2\\htdocs\\project\\public\\index.php')
DEBUG - 2026-01-05 03:15:07 --> Session: Class initialized using 'CodeIgniter\Session\Handlers\FileHandler' driver.
ERROR - 2026-01-05 03:15:07 --> mysqli_sql_exception: Unknown column 'users.id' in 'where clause' in C:\xampp 2\htdocs\project\system\Database\MySQLi\Connection.php:327
Stack trace:
#0 C:\xampp 2\htdocs\project\system\Database\MySQLi\Connection.php(327): mysqli->query('SELECT *\nFROM `...', 0)
#1 C:\xampp 2\htdocs\project\system\Database\BaseConnection.php(729): CodeIgniter\Database\MySQLi\Connection->execute('SELECT *\nFROM `...')
#2 C:\xampp 2\htdocs\project\system\Database\BaseConnection.php(646): CodeIgniter\Database\BaseConnection->simpleQuery('SELECT *\nFROM `...')
#3 C:\xampp 2\htdocs\project\system\Database\BaseBuilder.php(1649): CodeIgniter\Database\BaseConnection->query('SELECT *\nFROM `...', Array, false)
#4 C:\xampp 2\htdocs\project\system\Model.php(210): CodeIgniter\Database\BaseBuilder->get()
#5 C:\xampp 2\htdocs\project\system\BaseModel.php(611): CodeIgniter\Model->doFind(true, '2')
#6 C:\xampp 2\htdocs\project\app\Controllers\Student.php(18): CodeIgniter\BaseModel->find('2')
#7 C:\xampp 2\htdocs\project\system\CodeIgniter.php(933): App\Controllers\Student->profile()
#8 C:\xampp 2\htdocs\project\system\CodeIgniter.php(507): CodeIgniter\CodeIgniter->runController(Object(App\Controllers\Student))
#9 C:\xampp 2\htdocs\project\system\CodeIgniter.php(354): CodeIgniter\CodeIgniter->handleRequest(NULL, Object(Config\Cache), false)
#10 C:\xampp 2\htdocs\project\system\Boot.php(363): CodeIgniter\CodeIgniter->run()
#11 C:\xampp 2\htdocs\project\system\Boot.php(68): CodeIgniter\Boot::runCodeIgniter(Object(CodeIgniter\CodeIgniter))
#12 C:\xampp 2\htdocs\project\public\index.php(59): CodeIgniter\Boot::bootWeb(Object(Config\Paths))
#13 C:\xampp 2\htdocs\project\system\rewrite.php(44): require_once('C:\\xampp 2\\htdo...')
#14 {main}
CRITICAL - 2026-01-05 03:15:07 --> CodeIgniter\Database\Exceptions\DatabaseException: Unknown column 'users.id' in 'where clause'
[Method: GET, Route: student/profile]
in SYSTEMPATH\Database\BaseConnection.php on line 684.
 1 SYSTEMPATH\Database\BaseBuilder.php(1649): CodeIgniter\Database\BaseConnection->query('SELECT *
FROM `users`
WHERE `users`.`id` = :users.id:', [...], false)
 2 SYSTEMPATH\Model.php(210): CodeIgniter\Database\BaseBuilder->get()
 3 SYSTEMPATH\BaseModel.php(611): CodeIgniter\Model->doFind(true, '2')
 4 APPPATH\Controllers\Student.php(18): CodeIgniter\BaseModel->find('2')
 5 SYSTEMPATH\CodeIgniter.php(933): App\Controllers\Student->profile()
 6 SYSTEMPATH\CodeIgniter.php(507): CodeIgniter\CodeIgniter->runController(Object(App\Controllers\Student))
 7 SYSTEMPATH\CodeIgniter.php(354): CodeIgniter\CodeIgniter->handleRequest(null, Object(Config\Cache), false)
 8 SYSTEMPATH\Boot.php(363): CodeIgniter\CodeIgniter->run()
 9 SYSTEMPATH\Boot.php(68): CodeIgniter\Boot::runCodeIgniter(Object(CodeIgniter\CodeIgniter))
10 FCPATH\index.php(59): CodeIgniter\Boot::bootWeb(Object(Config\Paths))
11 SYSTEMPATH\rewrite.php(44): require_once('C:\\xampp 2\\htdocs\\project\\public\\index.php')
CRITICAL - 2026-01-05 03:15:07 --> [Caused by] CodeIgniter\Database\Exceptions\DatabaseException: Unknown column 'users.id' in 'where clause'
in SYSTEMPATH\Database\MySQLi\Connection.php on line 332.
 1 SYSTEMPATH\Database\BaseConnection.php(729): CodeIgniter\Database\MySQLi\Connection->execute('SELECT *
FROM `users`
WHERE `users`.`id` = \'2\'')
 2 SYSTEMPATH\Database\BaseConnection.php(646): CodeIgniter\Database\BaseConnection->simpleQuery('SELECT *
FROM `users`
WHERE `users`.`id` = \'2\'')
 3 SYSTEMPATH\Database\BaseBuilder.php(1649): CodeIgniter\Database\BaseConnection->query('SELECT *
FROM `users`
WHERE `users`.`id` = :users.id:', [...], false)
 4 SYSTEMPATH\Model.php(210): CodeIgniter\Database\BaseBuilder->get()
 5 SYSTEMPATH\BaseModel.php(611): CodeIgniter\Model->doFind(true, '2')
 6 APPPATH\Controllers\Student.php(18): CodeIgniter\BaseModel->find('2')
 7 SYSTEMPATH\CodeIgniter.php(933): App\Controllers\Student->profile()
 8 SYSTEMPATH\CodeIgniter.php(507): CodeIgniter\CodeIgniter->runController(Object(App\Controllers\Student))
 9 SYSTEMPATH\CodeIgniter.php(354): CodeIgniter\CodeIgniter->handleRequest(null, Object(Config\Cache), false)
10 SYSTEMPATH\Boot.php(363): CodeIgniter\CodeIgniter->run()
11 SYSTEMPATH\Boot.php(68): CodeIgniter\Boot::runCodeIgniter(Object(CodeIgniter\CodeIgniter))
12 FCPATH\index.php(59): CodeIgniter\Boot::bootWeb(Object(Config\Paths))
13 SYSTEMPATH\rewrite.php(44): require_once('C:\\xampp 2\\htdocs\\project\\public\\index.php')
CRITICAL - 2026-01-05 03:15:07 --> [Caused by] mysqli_sql_exception: Unknown column 'users.id' in 'where clause'
in SYSTEMPATH\Database\MySQLi\Connection.php on line 327.
 1 SYSTEMPATH\Database\MySQLi\Connection.php(327): mysqli->query('SELECT *
FROM `users`
WHERE `users`.`id` = \'2\'', 0)
 2 SYSTEMPATH\Database\BaseConnection.php(729): CodeIgniter\Database\MySQLi\Connection->execute('SELECT *
FROM `users`
WHERE `users`.`id` = \'2\'')
 3 SYSTEMPATH\Database\BaseConnection.php(646): CodeIgniter\Database\BaseConnection->simpleQuery('SELECT *
FROM `users`
WHERE `users`.`id` = \'2\'')
 4 SYSTEMPATH\Database\BaseBuilder.php(1649): CodeIgniter\Database\BaseConnection->query('SELECT *
FROM `users`
WHERE `users`.`id` = :users.id:', [...], false)
 5 SYSTEMPATH\Model.php(210): CodeIgniter\Database\BaseBuilder->get()
 6 SYSTEMPATH\BaseModel.php(611): CodeIgniter\Model->doFind(true, '2')
 7 APPPATH\Controllers\Student.php(18): CodeIgniter\BaseModel->find('2')
 8 SYSTEMPATH\CodeIgniter.php(933): App\Controllers\Student->profile()
 9 SYSTEMPATH\CodeIgniter.php(507): CodeIgniter\CodeIgniter->runController(Object(App\Controllers\Student))
10 SYSTEMPATH\CodeIgniter.php(354): CodeIgniter\CodeIgniter->handleRequest(null, Object(Config\Cache), false)
11 SYSTEMPATH\Boot.php(363): CodeIgniter\CodeIgniter->run()
12 SYSTEMPATH\Boot.php(68): CodeIgniter\Boot::runCodeIgniter(Object(CodeIgniter\CodeIgniter))
13 FCPATH\index.php(59): CodeIgniter\Boot::bootWeb(Object(Config\Paths))
14 SYSTEMPATH\rewrite.php(44): require_once('C:\\xampp 2\\htdocs\\project\\public\\index.php')
DEBUG - 2026-01-05 03:19:41 --> Session: Class initialized using 'CodeIgniter\Session\Handlers\FileHandler' driver.
DEBUG - 2026-01-05 03:21:06 --> Session: Class initialized using 'CodeIgniter\Session\Handlers\FileHandler' driver.
DEBUG - 2026-01-05 03:21:09 --> Session: Class initialized using 'CodeIgniter\Session\Handlers\FileHandler' driver.
DEBUG - 2026-01-05 03:21:11 --> Session: Class initialized using 'CodeIgniter\Session\Handlers\FileHandler' driver.
DEBUG - 2026-01-05 03:21:12 --> Session: Class initialized using 'CodeIgniter\Session\Handlers\FileHandler' driver.
CRITICAL - 2026-01-05 03:21:12 --> ErrorException: Undefined variable $tutors
[Method: GET, Route: tutor]
in APPPATH\Views\public\tutor.php on line 6.
 1 APPPATH\Views\public\tutor.php(6): CodeIgniter\Debug\Exceptions->errorHandler(2, 'Undefined variable $tutors', 'C:\\xampp 2\\htdocs\\project\\app\\Views\\public\\tutor.php', 6)
 2 SYSTEMPATH\View\View.php(226): include('C:\\xampp 2\\htdocs\\project\\app\\Views\\public\\tutor.php')
 3 SYSTEMPATH\View\View.php(229): CodeIgniter\View\View->CodeIgniter\View\{closure}()
 4 SYSTEMPATH\Common.php(1199): CodeIgniter\View\View->render('public/tutor', [], true)
 5 APPPATH\Controllers\Pages.php(28): view('public/tutor')
 6 SYSTEMPATH\CodeIgniter.php(933): App\Controllers\Pages->tutor()
 7 SYSTEMPATH\CodeIgniter.php(507): CodeIgniter\CodeIgniter->runController(Object(App\Controllers\Pages))
 8 SYSTEMPATH\CodeIgniter.php(354): CodeIgniter\CodeIgniter->handleRequest(null, Object(Config\Cache), false)
 9 SYSTEMPATH\Boot.php(363): CodeIgniter\CodeIgniter->run()
10 SYSTEMPATH\Boot.php(68): CodeIgniter\Boot::runCodeIgniter(Object(CodeIgniter\CodeIgniter))
11 FCPATH\index.php(59): CodeIgniter\Boot::bootWeb(Object(Config\Paths))
12 SYSTEMPATH\rewrite.php(44): require_once('C:\\xampp 2\\htdocs\\project\\public\\index.php')
DEBUG - 2026-01-05 03:21:19 --> Session: Class initialized using 'CodeIgniter\Session\Handlers\FileHandler' driver.
DEBUG - 2026-01-05 03:22:00 --> Session: Class initialized using 'CodeIgniter\Session\Handlers\FileHandler' driver.
DEBUG - 2026-01-05 03:22:02 --> Session: Class initialized using 'CodeIgniter\Session\Handlers\FileHandler' driver.
DEBUG - 2026-01-05 03:23:14 --> Session: Class initialized using 'CodeIgniter\Session\Handlers\FileHandler' driver.
ERROR - 2026-01-05 03:23:14 --> mysqli_sql_exception: Unknown column 'users.id' in 'where clause' in C:\xampp 2\htdocs\project\system\Database\MySQLi\Connection.php:327
Stack trace:
#0 C:\xampp 2\htdocs\project\system\Database\MySQLi\Connection.php(327): mysqli->query('SELECT *\nFROM `...', 0)
#1 C:\xampp 2\htdocs\project\system\Database\BaseConnection.php(729): CodeIgniter\Database\MySQLi\Connection->execute('SELECT *\nFROM `...')
#2 C:\xampp 2\htdocs\project\system\Database\BaseConnection.php(646): CodeIgniter\Database\BaseConnection->simpleQuery('SELECT *\nFROM `...')
#3 C:\xampp 2\htdocs\project\system\Database\BaseBuilder.php(1649): CodeIgniter\Database\BaseConnection->query('SELECT *\nFROM `...', Array, false)
#4 C:\xampp 2\htdocs\project\system\Model.php(210): CodeIgniter\Database\BaseBuilder->get()
#5 C:\xampp 2\htdocs\project\system\BaseModel.php(611): CodeIgniter\Model->doFind(true, '2')
#6 C:\xampp 2\htdocs\project\app\Controllers\Student.php(18): CodeIgniter\BaseModel->find('2')
#7 C:\xampp 2\htdocs\project\system\CodeIgniter.php(933): App\Controllers\Student->profile()
#8 C:\xampp 2\htdocs\project\system\CodeIgniter.php(507): CodeIgniter\CodeIgniter->runController(Object(App\Controllers\Student))
#9 C:\xampp 2\htdocs\project\system\CodeIgniter.php(354): CodeIgniter\CodeIgniter->handleRequest(NULL, Object(Config\Cache), false)
#10 C:\xampp 2\htdocs\project\system\Boot.php(363): CodeIgniter\CodeIgniter->run()
#11 C:\xampp 2\htdocs\project\system\Boot.php(68): CodeIgniter\Boot::runCodeIgniter(Object(CodeIgniter\CodeIgniter))
#12 C:\xampp 2\htdocs\project\public\index.php(59): CodeIgniter\Boot::bootWeb(Object(Config\Paths))
#13 C:\xampp 2\htdocs\project\system\rewrite.php(44): require_once('C:\\xampp 2\\htdo...')
#14 {main}
CRITICAL - 2026-01-05 03:23:14 --> CodeIgniter\Database\Exceptions\DatabaseException: Unknown column 'users.id' in 'where clause'
[Method: GET, Route: student/profile]
in SYSTEMPATH\Database\BaseConnection.php on line 684.
 1 SYSTEMPATH\Database\BaseBuilder.php(1649): CodeIgniter\Database\BaseConnection->query('SELECT *
FROM `users`
WHERE `users`.`id` = :users.id:', [...], false)
 2 SYSTEMPATH\Model.php(210): CodeIgniter\Database\BaseBuilder->get()
 3 SYSTEMPATH\BaseModel.php(611): CodeIgniter\Model->doFind(true, '2')
 4 APPPATH\Controllers\Student.php(18): CodeIgniter\BaseModel->find('2')
 5 SYSTEMPATH\CodeIgniter.php(933): App\Controllers\Student->profile()
 6 SYSTEMPATH\CodeIgniter.php(507): CodeIgniter\CodeIgniter->runController(Object(App\Controllers\Student))
 7 SYSTEMPATH\CodeIgniter.php(354): CodeIgniter\CodeIgniter->handleRequest(null, Object(Config\Cache), false)
 8 SYSTEMPATH\Boot.php(363): CodeIgniter\CodeIgniter->run()
 9 SYSTEMPATH\Boot.php(68): CodeIgniter\Boot::runCodeIgniter(Object(CodeIgniter\CodeIgniter))
10 FCPATH\index.php(59): CodeIgniter\Boot::bootWeb(Object(Config\Paths))
11 SYSTEMPATH\rewrite.php(44): require_once('C:\\xampp 2\\htdocs\\project\\public\\index.php')
CRITICAL - 2026-01-05 03:23:14 --> [Caused by] CodeIgniter\Database\Exceptions\DatabaseException: Unknown column 'users.id' in 'where clause'
in SYSTEMPATH\Database\MySQLi\Connection.php on line 332.
 1 SYSTEMPATH\Database\BaseConnection.php(729): CodeIgniter\Database\MySQLi\Connection->execute('SELECT *
FROM `users`
WHERE `users`.`id` = \'2\'')
 2 SYSTEMPATH\Database\BaseConnection.php(646): CodeIgniter\Database\BaseConnection->simpleQuery('SELECT *
FROM `users`
WHERE `users`.`id` = \'2\'')
 3 SYSTEMPATH\Database\BaseBuilder.php(1649): CodeIgniter\Database\BaseConnection->query('SELECT *
FROM `users`
WHERE `users`.`id` = :users.id:', [...], false)
 4 SYSTEMPATH\Model.php(210): CodeIgniter\Database\BaseBuilder->get()
 5 SYSTEMPATH\BaseModel.php(611): CodeIgniter\Model->doFind(true, '2')
 6 APPPATH\Controllers\Student.php(18): CodeIgniter\BaseModel->find('2')
 7 SYSTEMPATH\CodeIgniter.php(933): App\Controllers\Student->profile()
 8 SYSTEMPATH\CodeIgniter.php(507): CodeIgniter\CodeIgniter->runController(Object(App\Controllers\Student))
 9 SYSTEMPATH\CodeIgniter.php(354): CodeIgniter\CodeIgniter->handleRequest(null, Object(Config\Cache), false)
10 SYSTEMPATH\Boot.php(363): CodeIgniter\CodeIgniter->run()
11 SYSTEMPATH\Boot.php(68): CodeIgniter\Boot::runCodeIgniter(Object(CodeIgniter\CodeIgniter))
12 FCPATH\index.php(59): CodeIgniter\Boot::bootWeb(Object(Config\Paths))
13 SYSTEMPATH\rewrite.php(44): require_once('C:\\xampp 2\\htdocs\\project\\public\\index.php')
CRITICAL - 2026-01-05 03:23:14 --> [Caused by] mysqli_sql_exception: Unknown column 'users.id' in 'where clause'
in SYSTEMPATH\Database\MySQLi\Connection.php on line 327.
 1 SYSTEMPATH\Database\MySQLi\Connection.php(327): mysqli->query('SELECT *
FROM `users`
WHERE `users`.`id` = \'2\'', 0)
 2 SYSTEMPATH\Database\BaseConnection.php(729): CodeIgniter\Database\MySQLi\Connection->execute('SELECT *
FROM `users`
WHERE `users`.`id` = \'2\'')
 3 SYSTEMPATH\Database\BaseConnection.php(646): CodeIgniter\Database\BaseConnection->simpleQuery('SELECT *
FROM `users`
WHERE `users`.`id` = \'2\'')
 4 SYSTEMPATH\Database\BaseBuilder.php(1649): CodeIgniter\Database\BaseConnection->query('SELECT *
FROM `users`
WHERE `users`.`id` = :users.id:', [...], false)
 5 SYSTEMPATH\Model.php(210): CodeIgniter\Database\BaseBuilder->get()
 6 SYSTEMPATH\BaseModel.php(611): CodeIgniter\Model->doFind(true, '2')
 7 APPPATH\Controllers\Student.php(18): CodeIgniter\BaseModel->find('2')
 8 SYSTEMPATH\CodeIgniter.php(933): App\Controllers\Student->profile()
 9 SYSTEMPATH\CodeIgniter.php(507): CodeIgniter\CodeIgniter->runController(Object(App\Controllers\Student))
10 SYSTEMPATH\CodeIgniter.php(354): CodeIgniter\CodeIgniter->handleRequest(null, Object(Config\Cache), false)
11 SYSTEMPATH\Boot.php(363): CodeIgniter\CodeIgniter->run()
12 SYSTEMPATH\Boot.php(68): CodeIgniter\Boot::runCodeIgniter(Object(CodeIgniter\CodeIgniter))
13 FCPATH\index.php(59): CodeIgniter\Boot::bootWeb(Object(Config\Paths))
14 SYSTEMPATH\rewrite.php(44): require_once('C:\\xampp 2\\htdocs\\project\\public\\index.php')
DEBUG - 2026-01-05 03:25:02 --> Session: Class initialized using 'CodeIgniter\Session\Handlers\FileHandler' driver.
DEBUG - 2026-01-05 03:25:02 --> Session: Class initialized using 'CodeIgniter\Session\Handlers\FileHandler' driver.
DEBUG - 2026-01-05 03:25:05 --> Session: Class initialized using 'CodeIgniter\Session\Handlers\FileHandler' driver.
DEBUG - 2026-01-05 03:25:23 --> Session: Class initialized using 'CodeIgniter\Session\Handlers\FileHandler' driver.
DEBUG - 2026-01-05 03:25:28 --> Session: Class initialized using 'CodeIgniter\Session\Handlers\FileHandler' driver.
DEBUG - 2026-01-05 03:25:29 --> Session: Class initialized using 'CodeIgniter\Session\Handlers\FileHandler' driver.
DEBUG - 2026-01-05 03:25:31 --> Session: Class initialized using 'CodeIgniter\Session\Handlers\FileHandler' driver.
ERROR - 2026-01-05 03:25:31 --> mysqli_sql_exception: Unknown column 'users.id' in 'where clause' in C:\xampp 2\htdocs\project\system\Database\MySQLi\Connection.php:327
Stack trace:
#0 C:\xampp 2\htdocs\project\system\Database\MySQLi\Connection.php(327): mysqli->query('SELECT *\nFROM `...', 0)
#1 C:\xampp 2\htdocs\project\system\Database\BaseConnection.php(729): CodeIgniter\Database\MySQLi\Connection->execute('SELECT *\nFROM `...')
#2 C:\xampp 2\htdocs\project\system\Database\BaseConnection.php(646): CodeIgniter\Database\BaseConnection->simpleQuery('SELECT *\nFROM `...')
#3 C:\xampp 2\htdocs\project\system\Database\BaseBuilder.php(1649): CodeIgniter\Database\BaseConnection->query('SELECT *\nFROM `...', Array, false)
#4 C:\xampp 2\htdocs\project\system\Model.php(210): CodeIgniter\Database\BaseBuilder->get()
#5 C:\xampp 2\htdocs\project\system\BaseModel.php(611): CodeIgniter\Model->doFind(true, '2')
#6 C:\xampp 2\htdocs\project\app\Controllers\Student.php(18): CodeIgniter\BaseModel->find('2')
#7 C:\xampp 2\htdocs\project\system\CodeIgniter.php(933): App\Controllers\Student->profile()
#8 C:\xampp 2\htdocs\project\system\CodeIgniter.php(507): CodeIgniter\CodeIgniter->runController(Object(App\Controllers\Student))
#9 C:\xampp 2\htdocs\project\system\CodeIgniter.php(354): CodeIgniter\CodeIgniter->handleRequest(NULL, Object(Config\Cache), false)
#10 C:\xampp 2\htdocs\project\system\Boot.php(363): CodeIgniter\CodeIgniter->run()
#11 C:\xampp 2\htdocs\project\system\Boot.php(68): CodeIgniter\Boot::runCodeIgniter(Object(CodeIgniter\CodeIgniter))
#12 C:\xampp 2\htdocs\project\public\index.php(59): CodeIgniter\Boot::bootWeb(Object(Config\Paths))
#13 C:\xampp 2\htdocs\project\system\rewrite.php(44): require_once('C:\\xampp 2\\htdo...')
#14 {main}
CRITICAL - 2026-01-05 03:25:31 --> CodeIgniter\Database\Exceptions\DatabaseException: Unknown column 'users.id' in 'where clause'
[Method: GET, Route: student/profile]
in SYSTEMPATH\Database\BaseConnection.php on line 684.
 1 SYSTEMPATH\Database\BaseBuilder.php(1649): CodeIgniter\Database\BaseConnection->query('SELECT *
FROM `users`
WHERE `users`.`id` = :users.id:', [...], false)
 2 SYSTEMPATH\Model.php(210): CodeIgniter\Database\BaseBuilder->get()
 3 SYSTEMPATH\BaseModel.php(611): CodeIgniter\Model->doFind(true, '2')
 4 APPPATH\Controllers\Student.php(18): CodeIgniter\BaseModel->find('2')
 5 SYSTEMPATH\CodeIgniter.php(933): App\Controllers\Student->profile()
 6 SYSTEMPATH\CodeIgniter.php(507): CodeIgniter\CodeIgniter->runController(Object(App\Controllers\Student))
 7 SYSTEMPATH\CodeIgniter.php(354): CodeIgniter\CodeIgniter->handleRequest(null, Object(Config\Cache), false)
 8 SYSTEMPATH\Boot.php(363): CodeIgniter\CodeIgniter->run()
 9 SYSTEMPATH\Boot.php(68): CodeIgniter\Boot::runCodeIgniter(Object(CodeIgniter\CodeIgniter))
10 FCPATH\index.php(59): CodeIgniter\Boot::bootWeb(Object(Config\Paths))
11 SYSTEMPATH\rewrite.php(44): require_once('C:\\xampp 2\\htdocs\\project\\public\\index.php')
CRITICAL - 2026-01-05 03:25:31 --> [Caused by] CodeIgniter\Database\Exceptions\DatabaseException: Unknown column 'users.id' in 'where clause'
in SYSTEMPATH\Database\MySQLi\Connection.php on line 332.
 1 SYSTEMPATH\Database\BaseConnection.php(729): CodeIgniter\Database\MySQLi\Connection->execute('SELECT *
FROM `users`
WHERE `users`.`id` = \'2\'')
 2 SYSTEMPATH\Database\BaseConnection.php(646): CodeIgniter\Database\BaseConnection->simpleQuery('SELECT *
FROM `users`
WHERE `users`.`id` = \'2\'')
 3 SYSTEMPATH\Database\BaseBuilder.php(1649): CodeIgniter\Database\BaseConnection->query('SELECT *
FROM `users`
WHERE `users`.`id` = :users.id:', [...], false)
 4 SYSTEMPATH\Model.php(210): CodeIgniter\Database\BaseBuilder->get()
 5 SYSTEMPATH\BaseModel.php(611): CodeIgniter\Model->doFind(true, '2')
 6 APPPATH\Controllers\Student.php(18): CodeIgniter\BaseModel->find('2')
 7 SYSTEMPATH\CodeIgniter.php(933): App\Controllers\Student->profile()
 8 SYSTEMPATH\CodeIgniter.php(507): CodeIgniter\CodeIgniter->runController(Object(App\Controllers\Student))
 9 SYSTEMPATH\CodeIgniter.php(354): CodeIgniter\CodeIgniter->handleRequest(null, Object(Config\Cache), false)
10 SYSTEMPATH\Boot.php(363): CodeIgniter\CodeIgniter->run()
11 SYSTEMPATH\Boot.php(68): CodeIgniter\Boot::runCodeIgniter(Object(CodeIgniter\CodeIgniter))
12 FCPATH\index.php(59): CodeIgniter\Boot::bootWeb(Object(Config\Paths))
13 SYSTEMPATH\rewrite.php(44): require_once('C:\\xampp 2\\htdocs\\project\\public\\index.php')
CRITICAL - 2026-01-05 03:25:31 --> [Caused by] mysqli_sql_exception: Unknown column 'users.id' in 'where clause'
in SYSTEMPATH\Database\MySQLi\Connection.php on line 327.
 1 SYSTEMPATH\Database\MySQLi\Connection.php(327): mysqli->query('SELECT *
FROM `users`
WHERE `users`.`id` = \'2\'', 0)
 2 SYSTEMPATH\Database\BaseConnection.php(729): CodeIgniter\Database\MySQLi\Connection->execute('SELECT *
FROM `users`
WHERE `users`.`id` = \'2\'')
 3 SYSTEMPATH\Database\BaseConnection.php(646): CodeIgniter\Database\BaseConnection->simpleQuery('SELECT *
FROM `users`
WHERE `users`.`id` = \'2\'')
 4 SYSTEMPATH\Database\BaseBuilder.php(1649): CodeIgniter\Database\BaseConnection->query('SELECT *
FROM `users`
WHERE `users`.`id` = :users.id:', [...], false)
 5 SYSTEMPATH\Model.php(210): CodeIgniter\Database\BaseBuilder->get()
 6 SYSTEMPATH\BaseModel.php(611): CodeIgniter\Model->doFind(true, '2')
 7 APPPATH\Controllers\Student.php(18): CodeIgniter\BaseModel->find('2')
 8 SYSTEMPATH\CodeIgniter.php(933): App\Controllers\Student->profile()
 9 SYSTEMPATH\CodeIgniter.php(507): CodeIgniter\CodeIgniter->runController(Object(App\Controllers\Student))
10 SYSTEMPATH\CodeIgniter.php(354): CodeIgniter\CodeIgniter->handleRequest(null, Object(Config\Cache), false)
11 SYSTEMPATH\Boot.php(363): CodeIgniter\CodeIgniter->run()
12 SYSTEMPATH\Boot.php(68): CodeIgniter\Boot::runCodeIgniter(Object(CodeIgniter\CodeIgniter))
13 FCPATH\index.php(59): CodeIgniter\Boot::bootWeb(Object(Config\Paths))
14 SYSTEMPATH\rewrite.php(44): require_once('C:\\xampp 2\\htdocs\\project\\public\\index.php')
DEBUG - 2026-01-05 03:29:18 --> Session: Class initialized using 'CodeIgniter\Session\Handlers\FileHandler' driver.
DEBUG - 2026-01-05 03:32:14 --> Session: Class initialized using 'CodeIgniter\Session\Handlers\FileHandler' driver.
DEBUG - 2026-01-05 03:32:16 --> Session: Class initialized using 'CodeIgniter\Session\Handlers\FileHandler' driver.
DEBUG - 2026-01-05 03:32:24 --> Session: Class initialized using 'CodeIgniter\Session\Handlers\FileHandler' driver.
DEBUG - 2026-01-05 03:32:26 --> Session: Class initialized using 'CodeIgniter\Session\Handlers\FileHandler' driver.
DEBUG - 2026-01-05 03:32:28 --> Session: Class initialized using 'CodeIgniter\Session\Handlers\FileHandler' driver.
DEBUG - 2026-01-05 03:32:30 --> Session: Class initialized using 'CodeIgniter\Session\Handlers\FileHandler' driver.
DEBUG - 2026-01-05 03:32:32 --> Session: Class initialized using 'CodeIgniter\Session\Handlers\FileHandler' driver.
DEBUG - 2026-01-05 03:32:33 --> Session: Class initialized using 'CodeIgniter\Session\Handlers\FileHandler' driver.
DEBUG - 2026-01-05 03:33:13 --> Session: Class initialized using 'CodeIgniter\Session\Handlers\FileHandler' driver.
DEBUG - 2026-01-05 03:33:19 --> Session: Class initialized using 'CodeIgniter\Session\Handlers\FileHandler' driver.
DEBUG - 2026-01-05 03:33:21 --> Session: Class initialized using 'CodeIgniter\Session\Handlers\FileHandler' driver.
DEBUG - 2026-01-05 03:33:27 --> Session: Class initialized using 'CodeIgniter\Session\Handlers\FileHandler' driver.
DEBUG - 2026-01-05 03:33:27 --> Session: Class initialized using 'CodeIgniter\Session\Handlers\FileHandler' driver.
DEBUG - 2026-01-05 03:33:29 --> Session: Class initialized using 'CodeIgniter\Session\Handlers\FileHandler' driver.
DEBUG - 2026-01-05 03:33:30 --> Session: Class initialized using 'CodeIgniter\Session\Handlers\FileHandler' driver.
DEBUG - 2026-01-05 03:33:32 --> Session: Class initialized using 'CodeIgniter\Session\Handlers\FileHandler' driver.
DEBUG - 2026-01-05 03:33:33 --> Session: Class initialized using 'CodeIgniter\Session\Handlers\FileHandler' driver.
DEBUG - 2026-01-05 03:33:34 --> Session: Class initialized using 'CodeIgniter\Session\Handlers\FileHandler' driver.
DEBUG - 2026-01-05 03:33:36 --> Session: Class initialized using 'CodeIgniter\Session\Handlers\FileHandler' driver.
DEBUG - 2026-01-05 03:33:38 --> Session: Class initialized using 'CodeIgniter\Session\Handlers\FileHandler' driver.
CRITICAL - 2026-01-05 03:33:38 --> ErrorException: Undefined variable $tutors
[Method: GET, Route: tutor]
in APPPATH\Views\public\tutor.php on line 6.
 1 APPPATH\Views\public\tutor.php(6): CodeIgniter\Debug\Exceptions->errorHandler(2, 'Undefined variable $tutors', 'C:\\xampp 2\\htdocs\\project\\app\\Views\\public\\tutor.php', 6)
 2 SYSTEMPATH\View\View.php(226): include('C:\\xampp 2\\htdocs\\project\\app\\Views\\public\\tutor.php')
 3 SYSTEMPATH\View\View.php(229): CodeIgniter\View\View->CodeIgniter\View\{closure}()
 4 SYSTEMPATH\Common.php(1199): CodeIgniter\View\View->render('public/tutor', [], true)
 5 APPPATH\Controllers\Pages.php(28): view('public/tutor')
 6 SYSTEMPATH\CodeIgniter.php(933): App\Controllers\Pages->tutor()
 7 SYSTEMPATH\CodeIgniter.php(507): CodeIgniter\CodeIgniter->runController(Object(App\Controllers\Pages))
 8 SYSTEMPATH\CodeIgniter.php(354): CodeIgniter\CodeIgniter->handleRequest(null, Object(Config\Cache), false)
 9 SYSTEMPATH\Boot.php(363): CodeIgniter\CodeIgniter->run()
10 SYSTEMPATH\Boot.php(68): CodeIgniter\Boot::runCodeIgniter(Object(CodeIgniter\CodeIgniter))
11 FCPATH\index.php(59): CodeIgniter\Boot::bootWeb(Object(Config\Paths))
12 SYSTEMPATH\rewrite.php(44): require_once('C:\\xampp 2\\htdocs\\project\\public\\index.php')
DEBUG - 2026-01-05 03:33:49 --> Session: Class initialized using 'CodeIgniter\Session\Handlers\FileHandler' driver.
DEBUG - 2026-01-05 03:33:57 --> Session: Class initialized using 'CodeIgniter\Session\Handlers\FileHandler' driver.
DEBUG - 2026-01-05 03:33:58 --> Session: Class initialized using 'CodeIgniter\Session\Handlers\FileHandler' driver.
DEBUG - 2026-01-05 03:39:48 --> Session: Class initialized using 'CodeIgniter\Session\Handlers\FileHandler' driver.
DEBUG - 2026-01-05 03:45:24 --> Session: Class initialized using 'CodeIgniter\Session\Handlers\FileHandler' driver.
DEBUG - 2026-01-05 03:45:24 --> Session: Class initialized using 'CodeIgniter\Session\Handlers\FileHandler' driver.
DEBUG - 2026-01-05 03:45:34 --> Session: Class initialized using 'CodeIgniter\Session\Handlers\FileHandler' driver.
DEBUG - 2026-01-05 03:45:36 --> Session: Class initialized using 'CodeIgniter\Session\Handlers\FileHandler' driver.
DEBUG - 2026-01-05 03:45:37 --> Session: Class initialized using 'CodeIgniter\Session\Handlers\FileHandler' driver.
DEBUG - 2026-01-05 03:45:41 --> Session: Class initialized using 'CodeIgniter\Session\Handlers\FileHandler' driver.
DEBUG - 2026-01-05 03:45:52 --> Session: Class initialized using 'CodeIgniter\Session\Handlers\FileHandler' driver.
DEBUG - 2026-01-05 03:45:58 --> Session: Class initialized using 'CodeIgniter\Session\Handlers\FileHandler' driver.
CRITICAL - 2026-01-05 03:45:58 --> ErrorException: Undefined variable $tutors
[Method: GET, Route: tutor]
in APPPATH\Views\public\tutor.php on line 6.
 1 APPPATH\Views\public\tutor.php(6): CodeIgniter\Debug\Exceptions->errorHandler(2, 'Undefined variable $tutors', 'C:\\xampp 2\\htdocs\\project\\app\\Views\\public\\tutor.php', 6)
 2 SYSTEMPATH\View\View.php(226): include('C:\\xampp 2\\htdocs\\project\\app\\Views\\public\\tutor.php')
 3 SYSTEMPATH\View\View.php(229): CodeIgniter\View\View->CodeIgniter\View\{closure}()
 4 SYSTEMPATH\Common.php(1199): CodeIgniter\View\View->render('public/tutor', [], true)
 5 APPPATH\Controllers\Pages.php(28): view('public/tutor')
 6 SYSTEMPATH\CodeIgniter.php(933): App\Controllers\Pages->tutor()
 7 SYSTEMPATH\CodeIgniter.php(507): CodeIgniter\CodeIgniter->runController(Object(App\Controllers\Pages))
 8 SYSTEMPATH\CodeIgniter.php(354): CodeIgniter\CodeIgniter->handleRequest(null, Object(Config\Cache), false)
 9 SYSTEMPATH\Boot.php(363): CodeIgniter\CodeIgniter->run()
10 SYSTEMPATH\Boot.php(68): CodeIgniter\Boot::runCodeIgniter(Object(CodeIgniter\CodeIgniter))
11 FCPATH\index.php(59): CodeIgniter\Boot::bootWeb(Object(Config\Paths))
12 SYSTEMPATH\rewrite.php(44): require_once('C:\\xampp 2\\htdocs\\project\\public\\index.php')
DEBUG - 2026-01-05 03:46:02 --> Session: Class initialized using 'CodeIgniter\Session\Handlers\FileHandler' driver.
DEBUG - 2026-01-05 03:46:07 --> Session: Class initialized using 'CodeIgniter\Session\Handlers\FileHandler' driver.
DEBUG - 2026-01-05 03:46:16 --> Session: Class initialized using 'CodeIgniter\Session\Handlers\FileHandler' driver.
DEBUG - 2026-01-05 03:46:33 --> Session: Class initialized using 'CodeIgniter\Session\Handlers\FileHandler' driver.
DEBUG - 2026-01-05 03:46:34 --> Session: Class initialized using 'CodeIgniter\Session\Handlers\FileHandler' driver.
DEBUG - 2026-01-05 03:46:39 --> Session: Class initialized using 'CodeIgniter\Session\Handlers\FileHandler' driver.
DEBUG - 2026-01-05 03:46:40 --> Session: Class initialized using 'CodeIgniter\Session\Handlers\FileHandler' driver.
DEBUG - 2026-01-05 03:46:42 --> Session: Class initialized using 'CodeIgniter\Session\Handlers\FileHandler' driver.
DEBUG - 2026-01-05 03:46:50 --> Session: Class initialized using 'CodeIgniter\Session\Handlers\FileHandler' driver.
DEBUG - 2026-01-05 03:46:50 --> Session: Class initialized using 'CodeIgniter\Session\Handlers\FileHandler' driver.
DEBUG - 2026-01-05 03:46:56 --> Session: Class initialized using 'CodeIgniter\Session\Handlers\FileHandler' driver.
DEBUG - 2026-01-05 03:47:02 --> Session: Class initialized using 'CodeIgniter\Session\Handlers\FileHandler' driver.
DEBUG - 2026-01-05 03:47:04 --> Session: Class initialized using 'CodeIgniter\Session\Handlers\FileHandler' driver.
DEBUG - 2026-01-05 03:47:16 --> Session: Class initialized using 'CodeIgniter\Session\Handlers\FileHandler' driver.
DEBUG - 2026-01-05 03:47:38 --> Session: Class initialized using 'CodeIgniter\Session\Handlers\FileHandler' driver.
DEBUG - 2026-01-05 03:47:38 --> Session: Class initialized using 'CodeIgniter\Session\Handlers\FileHandler' driver.
DEBUG - 2026-01-05 03:47:42 --> Session: Class initialized using 'CodeIgniter\Session\Handlers\FileHandler' driver.
